Workbook

Sheet Sheet3
A1: ID | D1: 2 | G1: 3 | H1: 4
A2: 4 | B2: =Sheet1!C2+Sheet1!D2+Sheet1!E2+Sheet1!F2+Sheet1!J2+Sheet1!K2+Sheet1!L2+Sheet1!M2 -> 1331.9 | C2: =IF(ISNUMBER(B2),B2,"") -> 1331.9 | D2: =_xlfn.RANK.EQ(C2,$C$2:$C$1031) -> 437 | E2: =Sheet1!C2+Sheet1!D2+Sheet1!E2+Sheet1!F2+Sheet1!J2+Sheet1!K2+Sheet1!L2+Sheet1!M2+Sheet1!Q2+Sheet1!R2+Sheet1!S2+Sheet1!T2 -> 1674.9 | F2: =IF(ISNUMBER(E2),E2,"") -> 1674.9 | G2: =_xlfn.RANK.EQ(F2,$F$2:$F$1031) -> 430 | H2: =INDEX(Sheet1!AD:AD,MATCH(Sheet1!A2,Sheet3!A:A,0)) -> 430
A3: 6 | B3: =Sheet1!C3+Sheet1!D3+Sheet1!E3+Sheet1!F3+Sheet1!J3+Sheet1!K3+Sheet1!L3+Sheet1!M3 -> 1291.5 | C3: =IF(ISNUMBER(B3),B3,"") -> 1291.5 | D3: =_xlfn.RANK.EQ(C3,$C$2:$C$1031) -> 545 | E3: =Sheet1!C3+Sheet1!D3+Sheet1!E3+Sheet1!F3+Sheet1!J3+Sheet1!K3+Sheet1!L3+Sheet1!M3+Sheet1!Q3+Sheet1!R3+Sheet1!S3+Sheet1!T3 -> 1598.5 | F3: =IF(ISNUMBER(E3),E3,"") -> 1598.5 | G3: =_xlfn.RANK.EQ(F3,$F$2:$F$1031) -> 590 | H3: =INDEX(Sheet1!AD:AD,MATCH(Sheet1!A3,Sheet3!A:A,0)) -> 590
A4: 9 | B4: =Sheet1!C4+Sheet1!D4+Sheet1!E4+Sheet1!F4+Sheet1!J4+Sheet1!K4+Sheet1!L4+Sheet1!M4 -> 1452.5 | C4: =IF(ISNUMBER(B4),B4,"") -> 1452.5 | D4: =_xlfn.RANK.EQ(C4,$C$2:$C$1031) -> 40 | E4: =Sheet1!C4+Sheet1!D4+Sheet1!E4+Sheet1!F4+Sheet1!J4+Sheet1!K4+Sheet1!L4+Sheet1!M4+Sheet1!Q4+Sheet1!R4+Sheet1!S4+Sheet1!T4 -> 1838 | F4: =IF(ISNUMBER(E4),E4,"") -> 1838 | G4: =_xlfn.RANK.EQ(F4,$F$2:$F$1031) -> 35 | H4: =INDEX(Sheet1!AD:AD,MATCH(Sheet1!A4,Sheet3!A:A,0)) -> 35
A5: 13 | B5: =Sheet1!C5+Sheet1!D5+Sheet1!E5+Sheet1!F5+Sheet1!J5+Sheet1!K5+Sheet1!L5+Sheet1!M5 -> 941.5 | C5: =IF(ISNUMBER(B5),B5,"") -> 941.5 | D5: =_xlfn.RANK.EQ(C5,$C$2:$C$1031) -> 998 | E5: =Sheet1!C5+Sheet1!D5+Sheet1!E5+Sheet1!F5+Sheet1!J5+Sheet1!K5+Sheet1!L5+Sheet1!M5+Sheet1!Q5+Sheet1!R5+Sheet1!S5+Sheet1!T5 -> 1172.25 | F5: =IF(ISNUMBER(E5),E5,"") -> 1172.25 | G5: =_xlfn.RANK.EQ(F5,$F$2:$F$1031) -> 972 | H5: =INDEX(Sheet1!AD:AD,MATCH(Sheet1!A5,Sheet3!A:A,0)) -> 972
A6: 15 | B6: =Sheet1!C6+Sheet1!D6+Sheet1!E6+Sheet1!F6+Sheet1!J6+Sheet1!K6+Sheet1!L6+Sheet1!M6 -> 1325.1 | C6: =IF(ISNUMBER(B6),B6,"") -> 1325.1 | D6: =_xlfn.RANK.EQ(C6,$C$2:$C$1031) -> 459 | E6: =Sheet1!C6+Sheet1!D6+Sheet1!E6+Sheet1!F6+Sheet1!J6+Sheet1!K6+Sheet1!L6+Sheet1!M6+Sheet1!Q6+Sheet1!R6+Sheet1!S6+Sheet1!T6 -> 1658.1 | F6: =IF(ISNUMBER(E6),E6,"") -> 1658.1 | G6: =_xlfn.RANK.EQ(F6,$F$2:$F$1031) -> 466 | H6: =INDEX(Sheet1!AD:AD,MATCH(Sheet1!A6,Sheet3!A:A,0)) -> 466
A7: 31 | B7: =Sheet1!C7+Sheet1!D7+Sheet1!E7+Sheet1!F7+Sheet1!J7+Sheet1!K7+Sheet1!L7+Sheet1!M7 -> 1407.1 | C7: =IF(ISNUMBER(B7),B7,"") -> 1407.1 | D7: =_xlfn.RANK.EQ(C7,$C$2:$C$1031) -> 184 | E7: =Sheet1!C7+Sheet1!D7+Sheet1!E7+Sheet1!F7+Sheet1!J7+Sheet1!K7+Sheet1!L7+Sheet1!M7+Sheet1!Q7+Sheet1!R7+Sheet1!S7+Sheet1!T7 -> 1776.1 | F7: =IF(ISNUMBER(E7),E7,"") -> 1776.1 | G7: =_xlfn.RANK.EQ(F7,$F$2:$F$1031) -> 170 | H7: =INDEX(Sheet1!AD:AD,MATCH(Sheet1!A7,Sheet3!A:A,0)) -> 170
A8: 32 | B8: =Sheet1!C8+Sheet1!D8+Sheet1!E8+Sheet1!F8+Sheet1!J8+Sheet1!K8+Sheet1!L8+Sheet1!M8 -> 1354.6 | C8: =IF(ISNUMBER(B8),B8,"") -> 1354.6 | D8: =_xlfn.RANK.EQ(C8,$C$2:$C$1031) -> 370 | E8: =Sheet1!C8+Sheet1!D8+Sheet1!E8+Sheet1!F8+Sheet1!J8+Sheet1!K8+Sheet1!L8+Sheet1!M8+Sheet1!Q8+Sheet1!R8+Sheet1!S8+Sheet1!T8 -> 1723.1 | F8: =IF(ISNUMBER(E8),E8,"") -> 1723.1 | G8: =_xlfn.RANK.EQ(F8,$F$2:$F$1031) -> 315 | H8: =INDEX(Sheet1!AD:AD,MATCH(Sheet1!A8,Sheet3!A:A,0)) -> 315
A9: 34 | B9: =Sheet1!C9+Sheet1!D9+Sheet1!E9+Sheet1!F9+Sheet1!J9+Sheet1!K9+Sheet1!L9+Sheet1!M9 -> 1186.3 | C9: =IF(ISNUMBER(B9),B9,"") -> 1186.3 | D9: =_xlfn.RANK.EQ(C9,$C$2:$C$1031) -> 759 | E9: =Sheet1!C9+Sheet1!D9+Sheet1!E9+Sheet1!F9+Sheet1!J9+Sheet1!K9+Sheet1!L9+Sheet1!M9+Sheet1!Q9+Sheet1!R9+Sheet1!S9+Sheet1!T9 -> 1483.3 | F9: =IF(ISNUMBER(E9),E9,"") -> 1483.3 | G9: =_xlfn.RANK.EQ(F9,$F$2:$F$1031) -> 764 | H9: =INDEX(Sheet1!AD:AD,MATCH(Sheet1!A9,Sheet3!A:A,0)) -> 764
A10: 35 | B10: =Sheet1!C10+Sheet1!D10+Sheet1!E10+Sheet1!F10+Sheet1!J10+Sheet1!K10+Sheet1!L10+Sheet1!M10 -> 1223.7 | C10: =IF(ISNUMBER(B10),B10,"") -> 1223.7 | D10: =_xlfn.RANK.EQ(C10,$C$2:$C$1031) -> 699 | E10: =Sheet1!C10+Sheet1!D10+Sheet1!E10+Sheet1!F10+Sheet1!J10+Sheet1!K10+Sheet1!L10+Sheet1!M10+Sheet1!Q10+Sheet1!R10+Sheet1!S10+Sheet1!T10 -> 1578.2 | F10: =IF(ISNUMBER(E10),E10,"") -> 1578.2 | G10: =_xlfn.RANK.EQ(F10,$F$2:$F$1031) -> 634 | H10: =INDEX(Sheet1!AD:AD,MATCH(Sheet1!A10,Sheet3!A:A,0)) -> 634
A11: 37 | B11: =Sheet1!C11+Sheet1!D11+Sheet1!E11+Sheet1!F11+Sheet1!J11+Sheet1!K11+Sheet1!L11+Sheet1!M11 -> 1458.7 | C11: =IF(ISNUMBER(B11),B11,"") -> 1458.7 | D11: =_xlfn.RANK.EQ(C11,$C$2:$C$1031) -> 27 | E11: =Sheet1!C11+Sheet1!D11+Sheet1!E11+Sheet1!F11+Sheet1!J11+Sheet1!K11+Sheet1!L11+Sheet1!M11+Sheet1!Q11+Sheet1!R11+Sheet1!S11+Sheet1!T11 -> 1835.2 | F11: =IF(ISNUMBER(E11),E11,"") -> 1835.2 | G11: =_xlfn.RANK.EQ(F11,$F$2:$F$1031) -> 41 | H11: =INDEX(Sheet1!AD:AD,MATCH(Sheet1!A11,Sheet3!A:A,0)) -> 41
A12: 38 | B12: =Sheet1!C12+Sheet1!D12+Sheet1!E12+Sheet1!F12+Sheet1!J12+Sheet1!K12+Sheet1!L12+Sheet1!M12 -> 1109.8 | C12: =IF(ISNUMBER(B12),B12,"") -> 1109.8 | D12: =_xlfn.RANK.EQ(C12,$C$2:$C$1031) -> 872 | E12: =Sheet1!C12+Sheet1!D12+Sheet1!E12+Sheet1!F12+Sheet1!J12+Sheet1!K12+Sheet1!L12+Sheet1!M12+Sheet1!Q12+Sheet1!R12+Sheet1!S12+Sheet1!T12 -> 1412.8 | F12: =IF(ISNUMBER(E12),E12,"") -> 1412.8 | G12: =_xlfn.RANK.EQ(F12,$F$2:$F$1031) -> 842 | H12: =INDEX(Sheet1!AD:AD,MATCH(Sheet1!A12,Sheet3!A:A,0)) -> 842
A13: 39 | B13: =Sheet1!C13+Sheet1!D13+Sheet1!E13+Sheet1!F13+Sheet1!J13+Sheet1!K13+Sheet1!L13+Sheet1!M13 -> 1428.2 | C13: =IF(ISNUMBER(B13),B13,"") -> 1428.2 | D13: =_xlfn.RANK.EQ(C13,$C$2:$C$1031) -> 108 | E13: =Sheet1!C13+Sheet1!D13+Sheet1!E13+Sheet1!F13+Sheet1!J13+Sheet1!K13+Sheet1!L13+Sheet1!M13+Sheet1!Q13+Sheet1!R13+Sheet1!S13+Sheet1!T13 -> 1799.2 | F13: =IF(ISNUMBER(E13),E13,"") -> 1799.2 | G13: =_xlfn.RANK.EQ(F13,$F$2:$F$1031) -> 105 | H13: =INDEX(Sheet1!AD:AD,MATCH(Sheet1!A13,Sheet3!A:A,0)) -> 105
... A1031: 2603 | B1031: =Sheet1!C1031+Sheet1!D1031+Sheet1!E1031+Sheet1!F1031+Sheet1!J1031+Sheet1!K1031+Sheet1!L1031+Sheet1!M1031 -> 1202.2 | C1031: =IF(ISNUMBER(B1031),B1031,"") -> 1202.2 | D1031: =_xlfn.RANK.EQ(C1031,$C$2:$C$1031) -> 734 | E1031: =Sheet1!C1031+Sheet1!D1031+Sheet1!E1031+Sheet1!F1031+Sheet1!J1031+Sheet1!K1031+Sheet1!L1031+Sheet1!M1031+Sheet1!Q1031+Sheet1!R1031+Sheet1!S1031+Sheet1!T1031 -> 1539.2 | F1031: =IF(ISNUMBER(E1031),E1031,"") -> 1539.2 | G1031: =_xlfn.RANK.EQ(F1031,$F$2:$F$1031) -> 689 | H1031: =INDEX(Sheet1!AD:AD,MATCH(Sheet1!A1031,Sheet3!A:A,0)) -> 689

Sheet Sheet2
A1: ID | B1: FIRST YEAR RANK | C1: SECOND YEAR RANK C | D1: THIRD YEAR RANK C | E1: FOURTH YEAR RANK C
A2: 4 | B2: =INDEX(Sheet1!I:I,MATCH(Sheet1!A2,Sheet2!A:A,0)) -> 394 | C2: =INDEX(Sheet3!D:D,MATCH(Sheet2!A2,Sheet3!A:A,0)) -> 437 | D2: =INDEX(Sheet3!G:G,MATCH(Sheet2!A2,Sheet3!A:A,0)) -> 430 | E2: =INDEX(Sheet3!H:H,MATCH(Sheet2!A2,Sheet3!A:A,0)) -> 430
A3: 6 | B3: =INDEX(Sheet1!I:I,MATCH(Sheet1!A3,Sheet2!A:A,0)) -> 385 | C3: =INDEX(Sheet3!D:D,MATCH(Sheet2!A3,Sheet3!A:A,0)) -> 545 | D3: =INDEX(Sheet3!G:G,MATCH(Sheet2!A3,Sheet3!A:A,0)) -> 590 | E3: =INDEX(Sheet3!H:H,MATCH(Sheet2!A3,Sheet3!A:A,0)) -> 590
A4: 9 | B4: =INDEX(Sheet1!I:I,MATCH(Sheet1!A4,Sheet2!A:A,0)) -> 24 | C4: =INDEX(Sheet3!D:D,MATCH(Sheet2!A4,Sheet3!A:A,0)) -> 40 | D4: =INDEX(Sheet3!G:G,MATCH(Sheet2!A4,Sheet3!A:A,0)) -> 35 | E4: =INDEX(Sheet3!H:H,MATCH(Sheet2!A4,Sheet3!A:A,0)) -> 35
A5: 13 | B5: =INDEX(Sheet1!I:I,MATCH(Sheet1!A5,Sheet2!A:A,0)) -> 969 | C5: =INDEX(Sheet3!D:D,MATCH(Sheet2!A5,Sheet3!A:A,0)) -> 998 | D5: =INDEX(Sheet3!G:G,MATCH(Sheet2!A5,Sheet3!A:A,0)) -> 972 | E5: =INDEX(Sheet3!H:H,MATCH(Sheet2!A5,Sheet3!A:A,0)) -> 972
A6: 15 | B6: =INDEX(Sheet1!I:I,MATCH(Sheet1!A6,Sheet2!A:A,0)) -> 590 | C6: =INDEX(Sheet3!D:D,MATCH(Sheet2!A6,Sheet3!A:A,0)) -> 459 | D6: =INDEX(Sheet3!G:G,MATCH(Sheet2!A6,Sheet3!A:A,0)) -> 466 | E6: =INDEX(Sheet3!H:H,MATCH(Sheet2!A6,Sheet3!A:A,0)) -> 466
A7: 31 | B7: =INDEX(Sheet1!I:I,MATCH(Sheet1!A7,Sheet2!A:A,0)) -> 245 | C7: =INDEX(Sheet3!D:D,MATCH(Sheet2!A7,Sheet3!A:A,0)) -> 184 | D7: =INDEX(Sheet3!G:G,MATCH(Sheet2!A7,Sheet3!A:A,0)) -> 170 | E7: =INDEX(Sheet3!H:H,MATCH(Sheet2!A7,Sheet3!A:A,0)) -> 170
A8: 32 | B8: =INDEX(Sheet1!I:I,MATCH(Sheet1!A8,Sheet2!A:A,0)) -> 370 | C8: =INDEX(Sheet3!D:D,MATCH(Sheet2!A8,Sheet3!A:A,0)) -> 370 | D8: =INDEX(Sheet3!G:G,MATCH(Sheet2!A8,Sheet3!A:A,0)) -> 315 | E8: =INDEX(Sheet3!H:H,MATCH(Sheet2!A8,Sheet3!A:A,0)) -> 315
A9: 34 | B9: =INDEX(Sheet1!I:I,MATCH(Sheet1!A9,Sheet2!A:A,0)) -> 858 | C9: =INDEX(Sheet3!D:D,MATCH(Sheet2!A9,Sheet3!A:A,0)) -> 759 | D9: =INDEX(Sheet3!G:G,MATCH(Sheet2!A9,Sheet3!A:A,0)) -> 764 | E9: =INDEX(Sheet3!H:H,MATCH(Sheet2!A9,Sheet3!A:A,0)) -> 764
A10: 35 | B10: =INDEX(Sheet1!I:I,MATCH(Sheet1!A10,Sheet2!A:A,0)) -> 759 | C10: =INDEX(Sheet3!D:D,MATCH(Sheet2!A10,Sheet3!A:A,0)) -> 699 | D10: =INDEX(Sheet3!G:G,MATCH(Sheet2!A10,Sheet3!A:A,0)) -> 634 | E10: =INDEX(Sheet3!H:H,MATCH(Sheet2!A10,Sheet3!A:A,0)) -> 634
A11: 37 | B11: =INDEX(Sheet1!I:I,MATCH(Sheet1!A11,Sheet2!A:A,0)) -> 8 | C11: =INDEX(Sheet3!D:D,MATCH(Sheet2!A11,Sheet3!A:A,0)) -> 27 | D11: =INDEX(Sheet3!G:G,MATCH(Sheet2!A11,Sheet3!A:A,0)) -> 41 | E11: =INDEX(Sheet3!H:H,MATCH(Sheet2!A11,Sheet3!A:A,0)) -> 41
A12: 38 | B12: =INDEX(Sheet1!I:I,MATCH(Sheet1!A12,Sheet2!A:A,0)) -> 895 | C12: =INDEX(Sheet3!D:D,MATCH(Sheet2!A12,Sheet3!A:A,0)) -> 872 | D12: =INDEX(Sheet3!G:G,MATCH(Sheet2!A12,Sheet3!A:A,0)) -> 842 | E12: =INDEX(Sheet3!H:H,MATCH(Sheet2!A12,Sheet3!A:A,0)) -> 842
A13: 39 | B13: =INDEX(Sheet1!I:I,MATCH(Sheet1!A13,Sheet2!A:A,0)) -> 107 | C13: =INDEX(Sheet3!D:D,MATCH(Sheet2!A13,Sheet3!A:A,0)) -> 108 | D13: =INDEX(Sheet3!G:G,MATCH(Sheet2!A13,Sheet3!A:A,0)) -> 105 | E13: =INDEX(Sheet3!H:H,MATCH(Sheet2!A13,Sheet3!A:A,0)) -> 105
... A1031: 2603 | B1031: =INDEX(Sheet1!I:I,MATCH(Sheet1!A1031,Sheet2!A:A,0)) -> 868 | C1031: =INDEX(Sheet3!D:D,MATCH(Sheet2!A1031,Sheet3!A:A,0)) -> 734 | D1031: =INDEX(Sheet3!G:G,MATCH(Sheet2!A1031,Sheet3!A:A,0)) -> 689 | E1031: =INDEX(Sheet3!H:H,MATCH(Sheet2!A1031,Sheet3!A:A,0)) -> 689
B1032: =INDEX(Sheet1!I:I,MATCH(Sheet1!A1032,Sheet2!A:A,0)) -> #N/A | C1032: =INDEX(Sheet3!D:D,MATCH(Sheet2!A1032,Sheet3!A:A,0)) -> #N/A | D1032: =INDEX(Sheet3!G:G,MATCH(Sheet2!A1032,Sheet3!A:A,0)) -> #N/A | E1032: =INDEX(Sheet3!H:H,MATCH(Sheet2!A1032,Sheet3!A:A,0)) -> #N/A
B1033: =INDEX(Sheet1!I:I,MATCH(Sheet1!A1033,Sheet2!A:A,0)) -> #N/A | C1033: =INDEX(Sheet3!D:D,MATCH(Sheet2!A1033,Sheet3!A:A,0)) -> #N/A | D1033: =INDEX(Sheet3!G:G,MATCH(Sheet2!A1033,Sheet3!A:A,0)) -> #N/A | E1033: =INDEX(Sheet3!H:H,MATCH(Sheet2!A1033,Sheet3!A:A,0)) -> #N/A
B1034: =INDEX(Sheet1!I:I,MATCH(Sheet1!A1034,Sheet2!A:A,0)) -> #N/A | C1034: =INDEX(Sheet3!D:D,MATCH(Sheet2!A1034,Sheet3!A:A,0)) -> #N/A | D1034: =INDEX(Sheet3!G:G,MATCH(Sheet2!A1034,Sheet3!A:A,0)) -> #N/A | E1034: =INDEX(Sheet3!H:H,MATCH(Sheet2!A1034,Sheet3!A:A,0)) -> #N/A
B1035: =INDEX(Sheet1!I:I,MATCH(Sheet1!A1035,Sheet2!A:A,0)) -> #N/A | C1035: =INDEX(Sheet3!D:D,MATCH(Sheet2!A1035,Sheet3!A:A,0)) -> #N/A | D1035: =INDEX(Sheet3!G:G,MATCH(Sheet2!A1035,Sheet3!A:A,0)) -> #N/A | E1035: =INDEX(Sheet3!H:H,MATCH(Sheet2!A1035,Sheet3!A:A,0)) -> #N/A
B1036: =INDEX(Sheet1!I:I,MATCH(Sheet1!A1036,Sheet2!A:A,0)) -> #N/A | C1036: =INDEX(Sheet3!D:D,MATCH(Sheet2!A1036,Sheet3!A:A,0)) -> #N/A | D1036: =INDEX(Sheet3!G:G,MATCH(Sheet2!A1036,Sheet3!A:A,0)) -> #N/A | E1036: =INDEX(Sheet3!H:H,MATCH(Sheet2!A1036,Sheet3!A:A,0)) -> #N/A
B1037: =INDEX(Sheet1!I:I,MATCH(Sheet1!A1037,Sheet2!A:A,0)) -> #N/A | C1037: =INDEX(Sheet3!D:D,MATCH(Sheet2!A1037,Sheet3!A:A,0)) -> #N/A | D1037: =INDEX(Sheet3!G:G,MATCH(Sheet2!A1037,Sheet3!A:A,0)) -> #N/A | E1037: =INDEX(Sheet3!H:H,MATCH(Sheet2!A1037,Sheet3!A:A,0)) -> #N/A
B1038: =INDEX(Sheet1!I:I,MATCH(Sheet1!A1038,Sheet2!A:A,0)) -> #N/A | C1038: =INDEX(Sheet3!D:D,MATCH(Sheet2!A1038,Sheet3!A:A,0)) -> #N/A | D1038: =INDEX(Sheet3!G:G,MATCH(Sheet2!A1038,Sheet3!A:A,0)) -> #N/A | E1038: =INDEX(Sheet3!H:H,MATCH(Sheet2!A1038,Sheet3!A:A,0)) -> #N/A
B1039: =INDEX(Sheet1!I:I,MATCH(Sheet1!A1039,Sheet2!A:A,0)) -> #N/A | C1039: =INDEX(Sheet3!D:D,MATCH(Sheet2!A1039,Sheet3!A:A,0)) -> #N/A | D1039: =INDEX(Sheet3!G:G,MATCH(Sheet2!A1039,Sheet3!A:A,0)) -> #N/A | E1039: =INDEX(Sheet3!H:H,MATCH(Sheet2!A1039,Sheet3!A:A,0)) -> #N/A
B1040: =INDEX(Sheet1!I:I,MATCH(Sheet1!A1040,Sheet2!A:A,0)) -> #N/A | C1040: =INDEX(Sheet3!D:D,MATCH(Sheet2!A1040,Sheet3!A:A,0)) -> #N/A | D1040: =INDEX(Sheet3!G:G,MATCH(Sheet2!A1040,Sheet3!A:A,0)) -> #N/A | E1040: =INDEX(Sheet3!H:H,MATCH(Sheet2!A1040,Sheet3!A:A,0)) -> #N/A
B1041: =INDEX(Sheet1!I:I,MATCH(Sheet1!A1041,Sheet2!A:A,0)) -> #N/A | C1041: =INDEX(Sheet3!D:D,MATCH(Sheet2!A1041,Sheet3!A:A,0)) -> #N/A | D1041: =INDEX(Sheet3!G:G,MATCH(Sheet2!A1041,Sheet3!A:A,0)) -> #N/A | E1041: =INDEX(Sheet3!H:H,MATCH(Sheet2!A1041,Sheet3!A:A,0)) -> #N/A
B1042: =INDEX(Sheet1!I:I,MATCH(Sheet1!A1042,Sheet2!A:A,0)) -> #N/A | C1042: =INDEX(Sheet3!D:D,MATCH(Sheet2!A1042,Sheet3!A:A,0)) -> #N/A | D1042: =INDEX(Sheet3!G:G,MATCH(Sheet2!A1042,Sheet3!A:A,0)) -> #N/A | E1042: =INDEX(Sheet3!H:H,MATCH(Sheet2!A1042,Sheet3!A:A,0)) -> #N/A
B1043: =INDEX(Sheet1!I:I,MATCH(Sheet1!A1043,Sheet2!A:A,0)) -> #N/A | C1043: =INDEX(Sheet3!D:D,MATCH(Sheet2!A1043,Sheet3!A:A,0)) -> #N/A | D1043: =INDEX(Sheet3!G:G,MATCH(Sheet2!A1043,Sheet3!A:A,0)) -> #N/A | E1043: =INDEX(Sheet3!H:H,MATCH(Sheet2!A1043,Sheet3!A:A,0)) -> #N/A
... B1082: =INDEX(Sheet1!I:I,MATCH(Sheet1!A1082,Sheet2!A:A,0)) -> #N/A | C1082: =INDEX(Sheet3!D:D,MATCH(Sheet2!A1082,Sheet3!A:A,0)) -> #N/A | D1082: =INDEX(Sheet3!G:G,MATCH(Sheet2!A1082,Sheet3!A:A,0)) -> #N/A | E1082: =INDEX(Sheet3!H:H,MATCH(Sheet2!A1082,Sheet3!A:A,0)) -> #N/A
B1083: =INDEX(Sheet1!I:I,MATCH(Sheet1!A1084,Sheet2!A:A,0)) -> #N/A | C1083: =INDEX(Sheet3!D:D,MATCH(Sheet2!A1083,Sheet3!A:A,0)) -> #N/A | D1083: =INDEX(Sheet3!G:G,MATCH(Sheet2!A1083,Sheet3!A:A,0)) -> #N/A | E1083: =INDEX(Sheet3!H:H,MATCH(Sheet2!A1083,Sheet3!A:A,0)) -> #N/A
B1084: =INDEX(Sheet1!I:I,MATCH(Sheet1!A1085,Sheet2!A:A,0)) -> #N/A | C1084: =INDEX(Sheet3!D:D,MATCH(Sheet2!A1084,Sheet3!A:A,0)) -> #N/A | D1084: =INDEX(Sheet3!G:G,MATCH(Sheet2!A1084,Sheet3!A:A,0)) -> #N/A | E1084: =INDEX(Sheet3!H:H,MATCH(Sheet2!A1084,Sheet3!A:A,0)) -> #N/A
B1085: =INDEX(Sheet1!I:I,MATCH(Sheet1!A1086,Sheet2!A:A,0)) -> #N/A | C1085: =INDEX(Sheet3!D:D,MATCH(Sheet2!A1085,Sheet3!A:A,0)) -> #N/A | D1085: =INDEX(Sheet3!G:G,MATCH(Sheet2!A1085,Sheet3!A:A,0)) -> #N/A | E1085: =INDEX(Sheet3!H:H,MATCH(Sheet2!A1085,Sheet3!A:A,0)) -> #N/A
B1086: =INDEX(Sheet1!I:I,MATCH(Sheet1!A1087,Sheet2!A:A,0)) -> #N/A | C1086: =INDEX(Sheet3!D:D,MATCH(Sheet2!A1086,Sheet3!A:A,0)) -> #N/A | D1086: =INDEX(Sheet3!G:G,MATCH(Sheet2!A1086,Sheet3!A:A,0)) -> #N/A | E1086: =INDEX(Sheet3!H:H,MATCH(Sheet2!A1086,Sheet3!A:A,0)) -> #N/A
B1087: =INDEX(Sheet1!I:I,MATCH(Sheet1!A1088,Sheet2!A:A,0)) -> #N/A | C1087: =INDEX(Sheet3!D:D,MATCH(Sheet2!A1087,Sheet3!A:A,0)) -> #N/A | D1087: =INDEX(Sheet3!G:G,MATCH(Sheet2!A1087,Sheet3!A:A,0)) -> #N/A | E1087: =INDEX(Sheet3!H:H,MATCH(Sheet2!A1087,Sheet3!A:A,0)) -> #N/A
B1088: =INDEX(Sheet1!I:I,MATCH(Sheet1!A1089,Sheet2!A:A,0)) -> #N/A | C1088: =INDEX(Sheet3!D:D,MATCH(Sheet2!A1088,Sheet3!A:A,0)) -> #N/A | D1088: =INDEX(Sheet3!G:G,MATCH(Sheet2!A1088,Sheet3!A:A,0)) -> #N/A | E1088: =INDEX(Sheet3!H:H,MATCH(Sheet2!A1088,Sheet3!A:A,0)) -> #N/A
B1089: =INDEX(Sheet1!I:I,MATCH(Sheet1!A1090,Sheet2!A:A,0)) -> #N/A | C1089: =INDEX(Sheet3!D:D,MATCH(Sheet2!A1089,Sheet3!A:A,0)) -> #N/A | D1089: =INDEX(Sheet3!G:G,MATCH(Sheet2!A1089,Sheet3!A:A,0)) -> #N/A | E1089: =INDEX(Sheet3!H:H,MATCH(Sheet2!A1089,Sheet3!A:A,0)) -> #N/A
B1090: =INDEX(Sheet1!I:I,MATCH(Sheet1!A1091,Sheet2!A:A,0)) -> #N/A | C1090: =INDEX(Sheet3!D:D,MATCH(Sheet2!A1090,Sheet3!A:A,0)) -> #N/A | D1090: =INDEX(Sheet3!G:G,MATCH(Sheet2!A1090,Sheet3!A:A,0)) -> #N/A | E1090: =INDEX(Sheet3!H:H,MATCH(Sheet2!A1090,Sheet3!A:A,0)) -> #N/A
B1091: =INDEX(Sheet1!I:I,MATCH(Sheet1!A1092,Sheet2!A:A,0)) -> #N/A | C1091: =INDEX(Sheet3!D:D,MATCH(Sheet2!A1091,Sheet3!A:A,0)) -> #N/A | D1091: =INDEX(Sheet3!G:G,MATCH(Sheet2!A1091,Sheet3!A:A,0)) -> #N/A | E1091: =INDEX(Sheet3!H:H,MATCH(Sheet2!A1091,Sheet3!A:A,0)) -> #N/A
B1092: =INDEX(Sheet1!I:I,MATCH(Sheet1!A1093,Sheet2!A:A,0)) -> #N/A | C1092: =INDEX(Sheet3!D:D,MATCH(Sheet2!A1092,Sheet3!A:A,0)) -> #N/A | D1092: =INDEX(Sheet3!G:G,MATCH(Sheet2!A1092,Sheet3!A:A,0)) -> #N/A | E1092: =INDEX(Sheet3!H:H,MATCH(Sheet2!A1092,Sheet3!A:A,0)) -> #N/A
B1093: =INDEX(Sheet1!I:I,MATCH(Sheet1!A1094,Sheet2!A:A,0)) -> #N/A | C1093: =INDEX(Sheet3!D:D,MATCH(Sheet2!A1093,Sheet3!A:A,0)) -> #N/A | D1093: =INDEX(Sheet3!G:G,MATCH(Sheet2!A1093,Sheet3!A:A,0)) -> #N/A | E1093: =INDEX(Sheet3!H:H,MATCH(Sheet2!A1093,Sheet3!A:A,0)) -> #N/A
B1094: =INDEX(Sheet1!I:I,MATCH(Sheet1!A1095,Sheet2!A:A,0)) -> #N/A | C1094: =INDEX(Sheet3!D:D,MATCH(Sheet2!A1094,Sheet3!A:A,0)) -> #N/A | D1094: =INDEX(Sheet3!G:G,MATCH(Sheet2!A1094,Sheet3!A:A,0)) -> #N/A | E1094: =INDEX(Sheet3!H:H,MATCH(Sheet2!A1094,Sheet3!A:A,0)) -> #N/A
... B1115: =INDEX(Sheet1!I:I,MATCH(Sheet1!A1116,Sheet2!A:A,0)) -> #N/A | C1115: =INDEX(Sheet3!D:D,MATCH(Sheet2!A1115,Sheet3!A:A,0)) -> #N/A | D1115: =INDEX(Sheet3!G:G,MATCH(Sheet2!A1115,Sheet3!A:A,0)) -> #N/A | E1115: =INDEX(Sheet3!H:H,MATCH(Sheet2!A1115,Sheet3!A:A,0)) -> #N/A

Sheet Sheet1
A1: ID | B1: NAME | C1: FIRST YEAR | D1: PROFESSIONALISM STEP I | E1: RESEARCH STEP I | F1: COMMUNICATION STEP I | I1: FIRST YEAR RANK | J1: SECOND YEAR | K1: RESEARCH STEP II | L1: PROFESSIONALISM STEP II | M1: COMMUNICATION STEP II | P1: SECOND YEAR RANK | Q1: THIRD YEAR | R1: RESEARCH STEP III | S1: COMMUNICATION STEP III | T1: PROFESSIONALISM STEP III | W1: THIRD YEAR RANK | X1: FOURTH YEAR | Z1: FOURTH YEAR RANK | AA1: PERCENTAGE | AB1: TOTAL | AD1: TOTAL RANK
A2: 4 | B2: ابرار عدلى ابراهيم على بيبرس | C2: 596.9 | D2: 23 | E2: 23 | F2: 22 | G2: =C2+D2+E2+F2 -> 664.9 | H2: =IF(ISNUMBER(G2),G2,"") -> 664.9 | I2: =_xlfn.RANK.EQ(H2,$H$2:$H$1116) -> 394 | J2: 577 | K2: 47 | L2: 22 | M2: 21 | N2: =J2+K2+L2+M2 -> 667 | O2: =IF(ISNUMBER(N2),N2,"") -> 667 | P2: =_xlfn.RANK.EQ(O2,$O$2:$O$1116) -> 492 | Q2: 252.5 | R2: 46.5 | S2: 21 | T2: 23 | U2: =Q2+R2+S2+T2 -> 343 | V2: =IF(ISNUMBER(U2),U2,"") -> 343 | W2: =_xlfn.RANK.EQ(V2,$V$2:$V$1116) -> 456 | Y2: =IF(ISNUMBER(X2),X2,"") | Z2: =_xlfn.RANK.EQ(Y2,$Y$2:$Y$1116) -> #VALUE! | AA2: =AB2/3180 -> 0.52669811 | AB2: =C2+D2+E2+F2+J2+K2+L2+M2+Q2+R2+S2+T2+X2 -> 1674.9 | AC2: =IF(ISNUMBER(AB2),AB2,"") -> 1674.9 | AD2: =_xlfn.RANK.EQ(AC2,$AC$2:$AC$1116) -> 430
A3: 6 | B3: ابراهيم احمد جابر سلام | C3: 601.8 | D3: 23 | E3: 21 | F3: 20 | G3: =C3+D3+E3+F3 -> 665.8 | H3: =IF(ISNUMBER(G3),G3,"") -> 665.8 | I3: =_xlfn.RANK.EQ(H3,$H$2:$H$1116) -> 385 | J3: 552.7 | K3: 37 | L3: 21 | M3: 15 | N3: =J3+K3+L3+M3 -> 625.7 | O3: =IF(ISNUMBER(N3),N3,"") -> 625.7 | P3: =_xlfn.RANK.EQ(O3,$O$2:$O$1116) -> 719 | Q3: 219.5 | R3: 42.5 | S3: 21 | T3: 24 | U3: =Q3+R3+S3+T3 -> 307 | V3: =IF(ISNUMBER(U3),U3,"") -> 307 | W3: =_xlfn.RANK.EQ(V3,$V$2:$V$1116) -> 756 | Y3: =IF(ISNUMBER(X3),X3,"") | Z3: =_xlfn.RANK.EQ(Y3,$Y$2:$Y$1116) -> #VALUE! | AA3: =AB3/3180 -> 0.50267296 | AB3: =C3+D3+E3+F3+J3+K3+L3+M3+Q3+R3+S3+T3+X3 -> 1598.5 | AC3: =IF(ISNUMBER(AB3),AB3,"") -> 1598.5 | AD3: =_xlfn.RANK.EQ(AC3,$AC$2:$AC$1116) -> 590
A4: 9 | B4: ابراهيم حسنى محمد على حسونه | C4: 654 | D4: 25 | E4: 25 | F4: 23 | G4: =C4+D4+E4+F4 -> 727 | H4: =IF(ISNUMBER(G4),G4,"") -> 727 | I4: =_xlfn.RANK.EQ(H4,$H$2:$H$1116) -> 24 | J4: 635.5 | K4: 48 | L4: 19 | M4: 23 | N4: =J4+K4+L4+M4 -> 725.5 | O4: =IF(ISNUMBER(N4),N4,"") -> 725.5 | P4: =_xlfn.RANK.EQ(O4,$O$2:$O$1116) -> 82 | Q4: 289 | R4: 48.5 | S4: 23 | T4: 25 | U4: =Q4+R4+S4+T4 -> 385.5 | V4: =IF(ISNUMBER(U4),U4,"") -> 385.5 | W4: =_xlfn.RANK.EQ(V4,$V$2:$V$1116) -> 32 | Y4: =IF(ISNUMBER(X4),X4,"") | Z4: =_xlfn.RANK.EQ(Y4,$Y$2:$Y$1116) -> #VALUE! | AA4: =AB4/3180 -> 0.57798742 | AB4: =C4+D4+E4+F4+J4+K4+L4+M4+Q4+R4+S4+T4+X4 -> 1838 | AC4: =IF(ISNUMBER(AB4),AB4,"") -> 1838 | AD4: =_xlfn.RANK.EQ(AC4,$AC$2:$AC$1116) -> 35
A5: 13 | B5: ابراهيم علاء مرزوق على اغا | C5: 440 | D5: 23 | E5: 6 | F5: 18 | G5: =C5+D5+E5+F5 -> 487 | H5: =IF(ISNUMBER(G5),G5,"") -> 487 | I5: =_xlfn.RANK.EQ(H5,$H$2:$H$1116) -> 969 | J5: 407.5 | K5: 23 | L5: 13 | M5: 11 | N5: =J5+K5+L5+M5 -> 454.5 | O5: =IF(ISNUMBER(N5),N5,"") -> 454.5 | P5: =_xlfn.RANK.EQ(O5,$O$2:$O$1116) -> 1022 | Q5: 152.75 | R5: 34 | S5: 22 | T5: 22 | U5: =Q5+R5+S5+T5 -> 230.75 | V5: =IF(ISNUMBER(U5),U5,"") -> 230.75 | W5: =_xlfn.RANK.EQ(V5,$V$2:$V$1116) -> 974 | Y5: =IF(ISNUMBER(X5),X5,"") | Z5: =_xlfn.RANK.EQ(Y5,$Y$2:$Y$1116) -> #VALUE! | AA5: =AB5/3180 -> 0.36863208 | AB5: =C5+D5+E5+F5+J5+K5+L5+M5+Q5+R5+S5+T5+X5 -> 1172.25 | AC5: =IF(ISNUMBER(AB5),AB5,"") -> 1172.25 | AD5: =_xlfn.RANK.EQ(AC5,$AC$2:$AC$1116) -> 972
A6: 15 | B6: ابراهيم محمد حسن عويضه | C6: 565.6 | D6: 24 | E6: 22 | F6: 18 | G6: =C6+D6+E6+F6 -> 629.6 | H6: =IF(ISNUMBER(G6),G6,"") -> 629.6 | I6: =_xlfn.RANK.EQ(H6,$H$2:$H$1116) -> 590 | J6: 599.5 | K6: 49 | L6: 25 | M6: 22 | N6: =J6+K6+L6+M6 -> 695.5 | O6: =IF(ISNUMBER(N6),N6,"") -> 695.5 | P6: =_xlfn.RANK.EQ(O6,$O$2:$O$1116) -> 316 | Q6: 243 | R6: 43 | S6: 22 | T6: 25 | U6: =Q6+R6+S6+T6 -> 333 | V6: =IF(ISNUMBER(U6),U6,"") -> 333 | W6: =_xlfn.RANK.EQ(V6,$V$2:$V$1116) -> 542 | Y6: =IF(ISNUMBER(X6),X6,"") | Z6: =_xlfn.RANK.EQ(Y6,$Y$2:$Y$1116) -> #VALUE! | AA6: =AB6/3180 -> 0.52141509 | AB6: =C6+D6+E6+F6+J6+K6+L6+M6+Q6+R6+S6+T6+X6 -> 1658.1 | AC6: =IF(ISNUMBER(AB6),AB6,"") -> 1658.1 | AD6: =_xlfn.RANK.EQ(AC6,$AC$2:$AC$1116) -> 466
A7: 31 | B7: احلام محمد خميس على عبدالكريم | C7: 616.7 | D7: 25 | E7: 24 | F7: 23 | G7: =C7+D7+E7+F7 -> 688.7 | H7: =IF(ISNUMBER(G7),G7,"") -> 688.7 | I7: =_xlfn.RANK.EQ(H7,$H$2:$H$1116) -> 245 | J7: 629.4 | K7: 46 | L7: 21 | M7: 22 | N7: =J7+K7+L7+M7 -> 718.4 | O7: =IF(ISNUMBER(N7),N7,"") -> 718.4 | P7: =_xlfn.RANK.EQ(O7,$O$2:$O$1116) -> 129 | Q7: 272 | R7: 48 | S7: 24 | T7: 25 | U7: =Q7+R7+S7+T7 -> 369 | V7: =IF(ISNUMBER(U7),U7,"") -> 369 | W7: =_xlfn.RANK.EQ(V7,$V$2:$V$1116) -> 163 | Y7: =IF(ISNUMBER(X7),X7,"") | Z7: =_xlfn.RANK.EQ(Y7,$Y$2:$Y$1116) -> #VALUE! | AA7: =AB7/3180 -> 0.55852201 | AB7: =C7+D7+E7+F7+J7+K7+L7+M7+Q7+R7+S7+T7+X7 -> 1776.1 | AC7: =IF(ISNUMBER(AB7),AB7,"") -> 1776.1 | AD7: =_xlfn.RANK.EQ(AC7,$AC$2:$AC$1116) -> 170
A8: 32 | B8: احمد ابراهيم ابراهيم سيد احمد عيسى | C8: 598.8 | D8: 24 | E8: 22 | F8: 24 | G8: =C8+D8+E8+F8 -> 668.8 | H8: =IF(ISNUMBER(G8),G8,"") -> 668.8 | I8: =_xlfn.RANK.EQ(H8,$H$2:$H$1116) -> 370 | J8: 589.8 | K8: 49 | L8: 22 | M8: 25 | N8: =J8+K8+L8+M8 -> 685.8 | O8: =IF(ISNUMBER(N8),N8,"") -> 685.8 | P8: =_xlfn.RANK.EQ(O8,$O$2:$O$1116) -> 385 | Q8: 272 | R8: 47.5 | S8: 24 | T8: 25 | U8: =Q8+R8+S8+T8 -> 368.5 | V8: =IF(ISNUMBER(U8),U8,"") -> 368.5 | W8: =_xlfn.RANK.EQ(V8,$V$2:$V$1116) -> 170 | Y8: =IF(ISNUMBER(X8),X8,"") | Z8: =_xlfn.RANK.EQ(Y8,$Y$2:$Y$1116) -> #VALUE! | AA8: =AB8/3180 -> 0.54185535 | AB8: =C8+D8+E8+F8+J8+K8+L8+M8+Q8+R8+S8+T8+X8 -> 1723.1 | AC8: =IF(ISNUMBER(AB8),AB8,"") -> 1723.1 | AD8: =_xlfn.RANK.EQ(AC8,$AC$2:$AC$1116) -> 315
A9: 34 | B9: احمد ابراهيم فاروق سعد الششتاوى | C9: 477 | D9: 24 | E9: 22 | F9: 24 | G9: =C9+D9+E9+F9 -> 547 | H9: =IF(ISNUMBER(G9),G9,"") -> 547 | I9: =_xlfn.RANK.EQ(H9,$H$2:$H$1116) -> 858 | J9: 545.3 | K9: 49 | L9: 22 | M9: 23 | N9: =J9+K9+L9+M9 -> 639.3 | O9: =IF(ISNUMBER(N9),N9,"") -> 639.3 | P9: =_xlfn.RANK.EQ(O9,$O$2:$O$1116) -> 654 | Q9: 226.5 | R9: 31.5 | S9: 16 | T9: 23 | U9: =Q9+R9+S9+T9 -> 297 | V9: =IF(ISNUMBER(U9),U9,"") -> 297 | W9: =_xlfn.RANK.EQ(V9,$V$2:$V$1116) -> 809 | Y9: =IF(ISNUMBER(X9),X9,"") | Z9: =_xlfn.RANK.EQ(Y9,$Y$2:$Y$1116) -> #VALUE! | AA9: =AB9/3180 -> 0.46644654 | AB9: =C9+D9+E9+F9+J9+K9+L9+M9+Q9+R9+S9+T9+X9 -> 1483.3 | AC9: =IF(ISNUMBER(AB9),AB9,"") -> 1483.3 | AD9: =_xlfn.RANK.EQ(AC9,$AC$2:$AC$1116) -> 764
A10: 35 | B10: احمد احمد ابراهيم احمد عويضه | C10: 515.2 | D10: 21 | E10: 25 | F10: 20.5 | G10: =C10+D10+E10+F10 -> 581.7 | H10: =IF(ISNUMBER(G10),G10,"") -> 581.7 | I10: =_xlfn.RANK.EQ(H10,$H$2:$H$1116) -> 759 | J10: 551 | K10: 46 | L10: 22 | M10: 23 | N10: =J10+K10+L10+M10 -> 642 | O10: =IF(ISNUMBER(N10),N10,"") -> 642 | P10: =_xlfn.RANK.EQ(O10,$O$2:$O$1116) -> 634 | Q10: 264 | R10: 45 | S10: 22 | T10: 23.5 | U10: =Q10+R10+S10+T10 -> 354.5 | V10: =IF(ISNUMBER(U10),U10,"") -> 354.5 | W10: =_xlfn.RANK.EQ(V10,$V$2:$V$1116) -> 317 | Y10: =IF(ISNUMBER(X10),X10,"") | Z10: =_xlfn.RANK.EQ(Y10,$Y$2:$Y$1116) -> #VALUE! | AA10: =AB10/3180 -> 0.49628931 | AB10: =C10+D10+E10+F10+J10+K10+L10+M10+Q10+R10+S10+T10+X10 -> 1578.2 | AC10: =IF(ISNUMBER(AB10),AB10,"") -> 1578.2 | AD10: =_xlfn.RANK.EQ(AC10,$AC$2:$AC$1116) -> 634
A11: 37 | B11: احمد اشرف عبد الزين عباس | C11: 658 | D11: 25 | E11: 25 | F11: 24 | G11: =C11+D11+E11+F11 -> 732 | H11: =IF(ISNUMBER(G11),G11,"") -> 732 | I11: =_xlfn.RANK.EQ(H11,$H$2:$H$1116) -> 8 | J11: 633.7 | K11: 47 | L11: 23 | M11: 23 | N11: =J11+K11+L11+M11 -> 726.7 | O11: =IF(ISNUMBER(N11),N11,"") -> 726.7 | P11: =_xlfn.RANK.EQ(O11,$O$2:$O$1116) -> 75 | Q11: 283 | R11: 47 | S11: 22 | T11: 24.5 | U11: =Q11+R11+S11+T11 -> 376.5 | V11: =IF(ISNUMBER(U11),U11,"") -> 376.5 | W11: =_xlfn.RANK.EQ(V11,$V$2:$V$1116) -> 94 | Y11: =IF(ISNUMBER(X11),X11,"") | Z11: =_xlfn.RANK.EQ(Y11,$Y$2:$Y$1116) -> #VALUE! | AA11: =AB11/3180 -> 0.57710692 | AB11: =C11+D11+E11+F11+J11+K11+L11+M11+Q11+R11+S11+T11+X11 -> 1835.2 | AC11: =IF(ISNUMBER(AB11),AB11,"") -> 1835.2 | AD11: =_xlfn.RANK.EQ(AC11,$AC$2:$AC$1116) -> 41
A12: 38 | B12: احمد اشرف عبد الفتاح عبد ربه | C12: 472.1 | D12: 19 | E12: 20 | F12: 16 | G12: =C12+D12+E12+F12 -> 527.1 | H12: =IF(ISNUMBER(G12),G12,"") -> 527.1 | I12: =_xlfn.RANK.EQ(H12,$H$2:$H$1116) -> 895 | J12: 510.7 | K12: 34 | L12: 20 | M12: 18 | N12: =J12+K12+L12+M12 -> 582.7 | O12: =IF(ISNUMBER(N12),N12,"") -> 582.7 | P12: =_xlfn.RANK.EQ(O12,$O$2:$O$1116) -> 830 | Q12: 212.5 | R12: 43 | S12: 25 | T12: 22.5 | U12: =Q12+R12+S12+T12 -> 303 | V12: =IF(ISNUMBER(U12),U12,"") -> 303 | W12: =_xlfn.RANK.EQ(V12,$V$2:$V$1116) -> 782 | Y12: =IF(ISNUMBER(X12),X12,"") | Z12: =_xlfn.RANK.EQ(Y12,$Y$2:$Y$1116) -> #VALUE! | AA12: =AB12/3180 -> 0.44427673 | AB12: =C12+D12+E12+F12+J12+K12+L12+M12+Q12+R12+S12+T12+X12 -> 1412.8 | AC12: =IF(ISNUMBER(AB12),AB12,"") -> 1412.8 | AD12: =_xlfn.RANK.EQ(AC12,$AC$2:$AC$1116) -> 842
A13: 39 | B13: احمد اشرف عطية محمود القزاز | C13: 639.5 | D13: 25 | E13: 25 | F13: 22 | G13: =C13+D13+E13+F13 -> 711.5 | H13: =IF(ISNUMBER(G13),G13,"") -> 711.5 | I13: =_xlfn.RANK.EQ(H13,$H$2:$H$1116) -> 107 | J13: 622.7 | K13: 49 | L13: 22 | M13: 23 | N13: =J13+K13+L13+M13 -> 716.7 | O13: =IF(ISNUMBER(N13),N13,"") -> 716.7 | P13: =_xlfn.RANK.EQ(O13,$O$2:$O$1116) -> 141 | Q13: 274.5 | R13: 48 | S13: 24 | T13: 24.5 | U13: =Q13+R13+S13+T13 -> 371 | V13: =IF(ISNUMBER(U13),U13,"") -> 371 | W13: =_xlfn.RANK.EQ(V13,$V$2:$V$1116) -> 140 | Y13: =IF(ISNUMBER(X13),X13,"") | Z13: =_xlfn.RANK.EQ(Y13,$Y$2:$Y$1116) -> #VALUE! | AA13: =AB13/3180 -> 0.56578616 | AB13: =C13+D13+E13+F13+J13+K13+L13+M13+Q13+R13+S13+T13+X13 -> 1799.2 | AC13: =IF(ISNUMBER(AB13),AB13,"") -> 1799.2 | AD13: =_xlfn.RANK.EQ(AC13,$AC$2:$AC$1116) -> 105
... A20: 52 | B20: احمد حسام عبد المجيد علي | C20: 555.6 | D20: 24 | E20: 22 | F20: 16.5 | G20: =C20+D20+E20+F20 -> 618.1 | H20: =IF(ISNUMBER(G20),G20,"") -> 618.1 | I20: =_xlfn.RANK.EQ(H20,$H$2:$H$1116) -> 639 | J20: 490.4 | K20: 30 | L20: 16 | M20: 14 | N20: =J20+K20+L20+M20 -> 550.4 | O20: =IF(ISNUMBER(N20),N20,"") -> 550.4 | P20: =_xlfn.RANK.EQ(O20,$O$2:$O$1116) -> 903 | Q20: 206 | R20: 41.5 | S20: 22 | T20: 23.5 | U20: =Q20+R20+S20+T20 -> 293 | V20: =IF(ISNUMBER(U20),U20,"") -> 293 | W20: =_xlfn.RANK.EQ(V20,$V$2:$V$1116) -> 833 | Y20: =IF(ISNUMBER(X20),X20,"") | Z20: =_xlfn.RANK.EQ(Y20,$Y$2:$Y$1116) -> #VALUE! | AA20: =AB20/3180 -> 0.45959119 | AB20: =C20+D20+E20+F20+J20+K20+L20+M20+Q20+R20+S20+T20+X20 -> 1461.5 | AC20: =IF(ISNUMBER(AB20),AB20,"") -> 1461.5 | AD20: =_xlfn.RANK.EQ(AC20,$AC$2:$AC$1116) -> 799
A21: 53 | B21: احمد حسن ابراهيم المهدى هاشم | C21: 457.1 | D21: 21 | E21: 13 | F21: 21 | G21: =C21+D21+E21+F21 -> 512.1 | H21: =IF(ISNUMBER(G21),G21,"") -> 512.1 | I21: =_xlfn.RANK.EQ(H21,$H$2:$H$1116) -> 925 | J21: 457.5 | K21: 37 | L21: 20 | M21: 15 | N21: =J21+K21+L21+M21 -> 529.5 | O21: =IF(ISNUMBER(N21),N21,"") -> 529.5 | P21: =_xlfn.RANK.EQ(O21,$O$2:$O$1116) -> 936 | Q21: راسب | R21: 40 | S21: 23 | T21: 19.5 | U21: =Q21+R21+S21+T21 -> #VALUE! | V21: =IF(ISNUMBER(U21),U21,"") | W21: =_xlfn.RANK.EQ(V21,$V$2:$V$1116) -> #VALUE! | Y21: =IF(ISNUMBER(X21),X21,"") | Z21: =_xlfn.RANK.EQ(Y21,$Y$2:$Y$1116) -> #VALUE! | AA21: =AB21/3180 -> #VALUE! | AB21: =C21+D21+E21+F21+J21+K21+L21+M21+Q21+R21+S21+T21+X21 -> #VALUE! | AC21: =IF(ISNUMBER(AB21),AB21,"") | AD21: =_xlfn.RANK.EQ(AC21,$AC$2:$AC$1116) -> #VALUE!
A22: 54 | B22: احمد حسن أحمد محمد على | C22: 606.2 | D22: 24 | E22: 20 | F22: 22 | G22: =C22+D22+E22+F22 -> 672.2 | H22: =IF(ISNUMBER(G22),G22,"") -> 672.2 | I22: =_xlfn.RANK.EQ(H22,$H$2:$H$1116) -> 347 | J22: 615 | K22: 49 | L22: 22 | M22: 21 | N22: =J22+K22+L22+M22 -> 707 | O22: =IF(ISNUMBER(N22),N22,"") -> 707 | P22: =_xlfn.RANK.EQ(O22,$O$2:$O$1116) -> 226 | Q22: 262 | R22: 47.5 | S22: 25 | T22: 23.5 | U22: =Q22+R22+S22+T22 -> 358 | V22: =IF(ISNUMBER(U22),U22,"") -> 358 | W22: =_xlfn.RANK.EQ(V22,$V$2:$V$1116) -> 284 | Y22: =IF(ISNUMBER(X22),X22,"") | Z22: =_xlfn.RANK.EQ(Y22,$Y$2:$Y$1116) -> #VALUE! | AA22: =AB22/3180 -> 0.54628931 | AB22: =C22+D22+E22+F22+J22+K22+L22+M22+Q22+R22+S22+T22+X22 -> 1737.2 | AC22: =IF(ISNUMBER(AB22),AB22,"") -> 1737.2 | AD22: =_xlfn.RANK.EQ(AC22,$AC$2:$AC$1116) -> 276
A23: 55 | B23: احمد حسين محمد محمد البصال | C23: 642.7 | D23: 25 | E23: 24 | F23: 24 | G23: =C23+D23+E23+F23 -> 715.7 | H23: =IF(ISNUMBER(G23),G23,"") -> 715.7 | I23: =_xlfn.RANK.EQ(H23,$H$2:$H$1116) -> 79 | J23: 636 | K23: 47 | L23: 24 | M23: 23 | N23: =J23+K23+L23+M23 -> 730 | O23: =IF(ISNUMBER(N23),N23,"") -> 730 | P23: =_xlfn.RANK.EQ(O23,$O$2:$O$1116) -> 47 | Q23: 257 | R23: 45.5 | S23: 23 | T23: 25 | U23: =Q23+R23+S23+T23 -> 350.5 | V23: =IF(ISNUMBER(U23),U23,"") -> 350.5 | W23: =_xlfn.RANK.EQ(V23,$V$2:$V$1116) -> 372 | Y23: =IF(ISNUMBER(X23),X23,"") | Z23: =_xlfn.RANK.EQ(Y23,$Y$2:$Y$1116) -> #VALUE! | AA23: =AB23/3180 -> 0.56484277 | AB23: =C23+D23+E23+F23+J23+K23+L23+M23+Q23+R23+S23+T23+X23 -> 1796.2 | AC23: =IF(ISNUMBER(AB23),AB23,"") -> 1796.2 | AD23: =_xlfn.RANK.EQ(AC23,$AC$2:$AC$1116) -> 114
A24: 58 | B24: احمد خالد عبدالنى عبدالجليل | C24: 499.1 | D24: 18 | E24: 22 | F24: 21 | G24: =C24+D24+E24+F24 -> 560.1 | H24: =IF(ISNUMBER(G24),G24,"") -> 560.1 | I24: =_xlfn.RANK.EQ(H24,$H$2:$H$1116) -> 819 | J24: 578.5 | K24: 40 | L24: 24 | M24: 23 | N24: =J24+K24+L24+M24 -> 665.5 | O24: =IF(ISNUMBER(N24),N24,"") -> 665.5 | P24: =_xlfn.RANK.EQ(O24,$O$2:$O$1116) -> 502 | Q24: 245 | R24: 44 | S24: 24 | T24: 24 | U24: =Q24+R24+S24+T24 -> 337 | V24: =IF(ISNUMBER(U24),U24,"") -> 337 | W24: =_xlfn.RANK.EQ(V24,$V$2:$V$1116) -> 508 | Y24: =IF(ISNUMBER(X24),X24,"") | Z24: =_xlfn.RANK.EQ(Y24,$Y$2:$Y$1116) -> #VALUE! | AA24: =AB24/3180 -> 0.49138365 | AB24: =C24+D24+E24+F24+J24+K24+L24+M24+Q24+R24+S24+T24+X24 -> 1562.6 | AC24: =IF(ISNUMBER(AB24),AB24,"") -> 1562.6 | AD24: =_xlfn.RANK.EQ(AC24,$AC$2:$AC$1116) -> 654
A25: 59 | B25: احمد خالد محمد مبروك صقر | C25: 639.7 | D25: 25 | E25: 24 | F25: 23 | G25: =C25+D25+E25+F25 -> 711.7 | H25: =IF(ISNUMBER(G25),G25,"") -> 711.7 | I25: =_xlfn.RANK.EQ(H25,$H$2:$H$1116) -> 102 | J25: 613 | K25: 47 | L25: 24 | M25: 23 | N25: =J25+K25+L25+M25 -> 707 | O25: =IF(ISNUMBER(N25),N25,"") -> 707 | P25: =_xlfn.RANK.EQ(O25,$O$2:$O$1116) -> 226 | Q25: 260 | R25: 47.5 | S25: 24 | T25: 25 | U25: =Q25+R25+S25+T25 -> 356.5 | V25: =IF(ISNUMBER(U25),U25,"") -> 356.5 | W25: =_xlfn.RANK.EQ(V25,$V$2:$V$1116) -> 299 | Y25: =IF(ISNUMBER(X25),X25,"") | Z25: =_xlfn.RANK.EQ(Y25,$Y$2:$Y$1116) -> #VALUE! | AA25: =AB25/3180 -> 0.55823899 | AB25: =C25+D25+E25+F25+J25+K25+L25+M25+Q25+R25+S25+T25+X25 -> 1775.2 | AC25: =IF(ISNUMBER(AB25),AB25,"") -> 1775.2 | AD25: =_xlfn.RANK.EQ(AC25,$AC$2:$AC$1116) -> 174
A26: 60 | B26: احمد خميس الحسيني حماد | C26: 495.7 | D26: 14 | E26: 17 | F26: 16 | G26: =C26+D26+E26+F26 -> 542.7 | H26: =IF(ISNUMBER(G26),G26,"") -> 542.7 | I26: =_xlfn.RANK.EQ(H26,$H$2:$H$1116) -> 870 | J26: 493 | K26: 48 | L26: 20 | M26: 16 | N26: =J26+K26+L26+M26 -> 577 | O26: =IF(ISNUMBER(N26),N26,"") -> 577 | P26: =_xlfn.RANK.EQ(O26,$O$2:$O$1116) -> 841 | Q26: 223 | R26: 46.5 | S26: 25 | T26: 23.5 | U26: =Q26+R26+S26+T26 -> 318 | V26: =IF(ISNUMBER(U26),U26,"") -> 318 | W26: =_xlfn.RANK.EQ(V26,$V$2:$V$1116) -> 671 | Y26: =IF(ISNUMBER(X26),X26,"") | Z26: =_xlfn.RANK.EQ(Y26,$Y$2:$Y$1116) -> #VALUE! | AA26: =AB26/3180 -> 0.45210692 | AB26: =C26+D26+E26+F26+J26+K26+L26+M26+Q26+R26+S26+T26+X26 -> 1437.7 | AC26: =IF(ISNUMBER(AB26),AB26,"") -> 1437.7 | AD26: =_xlfn.RANK.EQ(AC26,$AC$2:$AC$1116) -> 827
A27: 67 | B27: احمد سامح عبد الرحمن حبيب | C27: 611.4 | D27: 24 | E27: 24 | F27: 25 | G27: =C27+D27+E27+F27 -> 684.4 | H27: =IF(ISNUMBER(G27),G27,"") -> 684.4 | I27: =_xlfn.RANK.EQ(H27,$H$2:$H$1116) -> 268 | J27: 611.5 | K27: 49 | L27: 23 | M27: 23 | N27: =J27+K27+L27+M27 -> 706.5 | O27: =IF(ISNUMBER(N27),N27,"") -> 706.5 | P27: =_xlfn.RANK.EQ(O27,$O$2:$O$1116) -> 233 | Q27: 262 | R27: 45.5 | S27: 24 | T27: 24 | U27: =Q27+R27+S27+T27 -> 355.5 | V27: =IF(ISNUMBER(U27),U27,"") -> 355.5 | W27: =_xlfn.RANK.EQ(V27,$V$2:$V$1116) -> 306 | Y27: =IF(ISNUMBER(X27),X27,"") | Z27: =_xlfn.RANK.EQ(Y27,$Y$2:$Y$1116) -> #VALUE! | AA27: =AB27/3180 -> 0.54918239 | AB27: =C27+D27+E27+F27+J27+K27+L27+M27+Q27+R27+S27+T27+X27 -> 1746.4 | AC27: =IF(ISNUMBER(AB27),AB27,"") -> 1746.4 | AD27: =_xlfn.RANK.EQ(AC27,$AC$2:$AC$1116) -> 243
A28: 68 | B28: احمد سامح عرفه حسن القحافى | C28: 529.9 | D28: 24 | E28: 25 | F28: 22 | G28: =C28+D28+E28+F28 -> 600.9 | H28: =IF(ISNUMBER(G28),G28,"") -> 600.9 | I28: =_xlfn.RANK.EQ(H28,$H$2:$H$1116) -> 704 | J28: 540.5 | K28: 49 | L28: 20 | M28: 24 | N28: =J28+K28+L28+M28 -> 633.5 | O28: =IF(ISNUMBER(N28),N28,"") -> 633.5 | P28: =_xlfn.RANK.EQ(O28,$O$2:$O$1116) -> 682 | Q28: 253 | R28: 45 | S28: 25 | T28: 25 | U28: =Q28+R28+S28+T28 -> 348 | V28: =IF(ISNUMBER(U28),U28,"") -> 348 | W28: =_xlfn.RANK.EQ(V28,$V$2:$V$1116) -> 394 | Y28: =IF(ISNUMBER(X28),X28,"") | Z28: =_xlfn.RANK.EQ(Y28,$Y$2:$Y$1116) -> #VALUE! | AA28: =AB28/3180 -> 0.49761006 | AB28: =C28+D28+E28+F28+J28+K28+L28+M28+Q28+R28+S28+T28+X28 -> 1582.4 | AC28: =IF(ISNUMBER(AB28),AB28,"") -> 1582.4 | AD28: =_xlfn.RANK.EQ(AC28,$AC$2:$AC$1116) -> 623
A29: 72 | B29: احمد سمير السيد علي العيسوي | C29: 601.5 | D29: 25 | E29: 25 | F29: 23 | G29: =C29+D29+E29+F29 -> 674.5 | H29: =IF(ISNUMBER(G29),G29,"") -> 674.5 | I29: =_xlfn.RANK.EQ(H29,$H$2:$H$1116) -> 337 | J29: 608.5 | K29: 49 | L29: 22 | M29: 24 | N29: =J29+K29+L29+M29 -> 703.5 | O29: =IF(ISNUMBER(N29),N29,"") -> 703.5 | P29: =_xlfn.RANK.EQ(O29,$O$2:$O$1116) -> 255 | Q29: 272.5 | R29: 48 | S29: 25 | T29: 25 | U29: =Q29+R29+S29+T29 -> 370.5 | V29: =IF(ISNUMBER(U29),U29,"") -> 370.5 | W29: =_xlfn.RANK.EQ(V29,$V$2:$V$1116) -> 145 | Y29: =IF(ISNUMBER(X29),X29,"") | Z29: =_xlfn.RANK.EQ(Y29,$Y$2:$Y$1116) -> #VALUE! | AA29: =AB29/3180 -> 0.54984277 | AB29: =C29+D29+E29+F29+J29+K29+L29+M29+Q29+R29+S29+T29+X29 -> 1748.5 | AC29: =IF(ISNUMBER(AB29),AB29,"") -> 1748.5 | AD29: =_xlfn.RANK.EQ(AC29,$AC$2:$AC$1116) -> 233
A30: 74 | B30: احمد شحاتة عبدالعزيز عبدالقادر | C30: 621.5 | D30: 24 | E30: 22 | F30: 22 | G30: =C30+D30+E30+F30 -> 689.5 | H30: =IF(ISNUMBER(G30),G30,"") -> 689.5 | I30: =_xlfn.RANK.EQ(H30,$H$2:$H$1116) -> 238 | J30: 619 | K30: 46 | L30: 20 | M30: 25 | N30: =J30+K30+L30+M30 -> 710 | O30: =IF(ISNUMBER(N30),N30,"") -> 710 | P30: =_xlfn.RANK.EQ(O30,$O$2:$O$1116) -> 199 | Q30: 273 | R30: 46 | S30: 22 | T30: 23 | U30: =Q30+R30+S30+T30 -> 364 | V30: =IF(ISNUMBER(U30),U30,"") -> 364 | W30: =_xlfn.RANK.EQ(V30,$V$2:$V$1116) -> 220 | Y30: =IF(ISNUMBER(X30),X30,"") | Z30: =_xlfn.RANK.EQ(Y30,$Y$2:$Y$1116) -> #VALUE! | AA30: =AB30/3180 -> 0.55455975 | AB30: =C30+D30+E30+F30+J30+K30+L30+M30+Q30+R30+S30+T30+X30 -> 1763.5 | AC30: =IF(ISNUMBER(AB30),AB30,"") -> 1763.5 | AD30: =_xlfn.RANK.EQ(AC30,$AC$2:$AC$1116) -> 205
A31: 75 | B31: احمد شريف فتحي عبدالفتاح | C31: 595.7 | D31: 22 | E31: 25 | F31: 23 | G31: =C31+D31+E31+F31 -> 665.7 | H31: =IF(ISNUMBER(G31),G31,"") -> 665.7 | I31: =_xlfn.RANK.EQ(H31,$H$2:$H$1116) -> 386 | J31: 615 | K31: 49 | L31: 21 | M31: 22 | N31: =J31+K31+L31+M31 -> 707 | O31: =IF(ISNUMBER(N31),N31,"") -> 707 | P31: =_xlfn.RANK.EQ(O31,$O$2:$O$1116) -> 226 | Q31: 272 | R31: 46.5 | S31: 24 | T31: 25 | U31: =Q31+R31+S31+T31 -> 367.5 | V31: =IF(ISNUMBER(U31),U31,"") -> 367.5 | W31: =_xlfn.RANK.EQ(V31,$V$2:$V$1116) -> 188 | Y31: =IF(ISNUMBER(X31),X31,"") | Z31: =_xlfn.RANK.EQ(Y31,$Y$2:$Y$1116) -> #VALUE! | AA31: =AB31/3180 -> 0.5472327 | AB31: =C31+D31+E31+F31+J31+K31+L31+M31+Q31+R31+S31+T31+X31 -> 1740.2 | AC31: =IF(ISNUMBER(AB31),AB31,"") -> 1740.2 | AD31: =_xlfn.RANK.EQ(AC31,$AC$2:$AC$1116) -> 271
A32: 76 | B32: احمد صابر السيد السعيد إبراهيم | C32: 598.1 | D32: 23 | E32: 24 | F32: 24 | G32: =C32+D32+E32+F32 -> 669.1 | H32: =IF(ISNUMBER(G32),G32,"") -> 669.1 | I32: =_xlfn.RANK.EQ(H32,$H$2:$H$1116) -> 367 | J32: 617 | K32: 50 | L32: 23 | M32: 20 | N32: =J32+K32+L32+M32 -> 710 | O32: =IF(ISNUMBER(N32),N32,"") -> 710 | P32: =_xlfn.RANK.EQ(O32,$O$2:$O$1116) -> 199 | Q32: 261 | R32: 47.5 | S32: 24 | T32: 25 | U32: =Q32+R32+S32+T32 -> 357.5 | V32: =IF(ISNUMBER(U32),U32,"") -> 357.5 | W32: =_xlfn.RANK.EQ(V32,$V$2:$V$1116) -> 287 | Y32: =IF(ISNUMBER(X32),X32,"") | Z32: =_xlfn.RANK.EQ(Y32,$Y$2:$Y$1116) -> #VALUE! | AA32: =AB32/3180 -> 0.54610063 | AB32: =C32+D32+E32+F32+J32+K32+L32+M32+Q32+R32+S32+T32+X32 -> 1736.6 | AC32: =IF(ISNUMBER(AB32),AB32,"") -> 1736.6 | AD32: =_xlfn.RANK.EQ(AC32,$AC$2:$AC$1116) -> 279
A33: 77 | B33: احمد صبحى درويش محمد موسى عشيبة | C33: 525.8 | D33: 23 | E33: 25 | F33: 22 | G33: =C33+D33+E33+F33 -> 595.8 | H33: =IF(ISNUMBER(G33),G33,"") -> 595.8 | I33: =_xlfn.RANK.EQ(H33,$H$2:$H$1116) -> 721 | J33: 562.5 | K33: 46 | L33: 21 | M33: 23 | N33: =J33+K33+L33+M33 -> 652.5 | O33: =IF(ISNUMBER(N33),N33,"") -> 652.5 | P33: =_xlfn.RANK.EQ(O33,$O$2:$O$1116) -> 569 | Q33: 263.5 | R33: 46.5 | S33: 24 | T33: 25 | U33: =Q33+R33+S33+T33 -> 359 | V33: =IF(ISNUMBER(U33),U33,"") -> 359 | W33: =_xlfn.RANK.EQ(V33,$V$2:$V$1116) -> 265 | Y33: =IF(ISNUMBER(X33),X33,"") | Z33: =_xlfn.RANK.EQ(Y33,$Y$2:$Y$1116) -> #VALUE! | AA33: =AB33/3180 -> 0.50544025 | AB33: =C33+D33+E33+F33+J33+K33+L33+M33+Q33+R33+S33+T33+X33 -> 1607.3 | AC33: =IF(ISNUMBER(AB33),AB33,"") -> 1607.3 | AD33: =_xlfn.RANK.EQ(AC33,$AC$2:$AC$1116) -> 574
... A41: 89 | B41: احمد عبد الناصر عبد السيد شاهين | C41: 584 | D41: 22 | E41: 17 | F41: 17 | G41: =C41+D41+E41+F41 -> 640 | H41: =IF(ISNUMBER(G41),G41,"") -> 640 | I41: =_xlfn.RANK.EQ(H41,$H$2:$H$1116) -> 534 | J41: 616.7 | K41: 47 | L41: 20 | M41: 20 | N41: =J41+K41+L41+M41 -> 703.7 | O41: =IF(ISNUMBER(N41),N41,"") -> 703.7 | P41: =_xlfn.RANK.EQ(O41,$O$2:$O$1116) -> 253 | Q41: 276 | R41: 45 | S41: 21 | T41: 21.5 | U41: =Q41+R41+S41+T41 -> 363.5 | V41: =IF(ISNUMBER(U41),U41,"") -> 363.5 | W41: =_xlfn.RANK.EQ(V41,$V$2:$V$1116) -> 224 | Y41: =IF(ISNUMBER(X41),X41,"") | Z41: =_xlfn.RANK.EQ(Y41,$Y$2:$Y$1116) -> #VALUE! | AA41: =AB41/3180 -> 0.53685535 | AB41: =C41+D41+E41+F41+J41+K41+L41+M41+Q41+R41+S41+T41+X41 -> 1707.2 | AC41: =IF(ISNUMBER(AB41),AB41,"") -> 1707.2 | AD41: =_xlfn.RANK.EQ(AC41,$AC$2:$AC$1116) -> 363
A42: 90 | B42: احمد عصام احمد على عبدالمطلب | C42: 450 | D42: 21 | E42: 19 | F42: 15 | G42: =C42+D42+E42+F42 -> 505 | H42: =IF(ISNUMBER(G42),G42,"") -> 505 | I42: =_xlfn.RANK.EQ(H42,$H$2:$H$1116) -> 941 | J42: 441.7 | K42: 25 | L42: 16 | M42: 8 | N42: =J42+K42+L42+M42 -> 490.7 | O42: =IF(ISNUMBER(N42),N42,"") -> 490.7 | P42: =_xlfn.RANK.EQ(O42,$O$2:$O$1116) -> 994 | Q42: راسب | R42: 35.5 | S42: 20 | T42: 22.5 | U42: =Q42+R42+S42+T42 -> #VALUE! | V42: =IF(ISNUMBER(U42),U42,"") | W42: =_xlfn.RANK.EQ(V42,$V$2:$V$1116) -> #VALUE! | Y42: =IF(ISNUMBER(X42),X42,"") | Z42: =_xlfn.RANK.EQ(Y42,$Y$2:$Y$1116) -> #VALUE! | AA42: =AB42/3180 -> #VALUE! | AB42: =C42+D42+E42+F42+J42+K42+L42+M42+Q42+R42+S42+T42+X42 -> #VALUE! | AC42: =IF(ISNUMBER(AB42),AB42,"") | AD42: =_xlfn.RANK.EQ(AC42,$AC$2:$AC$1116) -> #VALUE!
A43: 91 | B43: احمد عصام محمد الشيخ | C43: 638.6 | D43: 25 | E43: 24 | F43: 24 | G43: =C43+D43+E43+F43 -> 711.6 | H43: =IF(ISNUMBER(G43),G43,"") -> 711.6 | I43: =_xlfn.RANK.EQ(H43,$H$2:$H$1116) -> 104 | J43: 631 | K43: 49 | L43: 23 | M43: 25 | N43: =J43+K43+L43+M43 -> 728 | O43: =IF(ISNUMBER(N43),N43,"") -> 728 | P43: =_xlfn.RANK.EQ(O43,$O$2:$O$1116) -> 63 | Q43: 283 | R43: 48.5 | S43: 25 | T43: 25 | U43: =Q43+R43+S43+T43 -> 381.5 | V43: =IF(ISNUMBER(U43),U43,"") -> 381.5 | W43: =_xlfn.RANK.EQ(V43,$V$2:$V$1116) -> 54 | Y43: =IF(ISNUMBER(X43),X43,"") | Z43: =_xlfn.RANK.EQ(Y43,$Y$2:$Y$1116) -> #VALUE! | AA43: =AB43/3180 -> 0.57267296 | AB43: =C43+D43+E43+F43+J43+K43+L43+M43+Q43+R43+S43+T43+X43 -> 1821.1 | AC43: =IF(ISNUMBER(AB43),AB43,"") -> 1821.1 | AD43: =_xlfn.RANK.EQ(AC43,$AC$2:$AC$1116) -> 68
A44: 93 | B44: احمد عصام محمود عبدالحميد الرسول | C44: 550.6 | D44: 22 | E44: 23 | F44: 22 | G44: =C44+D44+E44+F44 -> 617.6 | H44: =IF(ISNUMBER(G44),G44,"") -> 617.6 | I44: =_xlfn.RANK.EQ(H44,$H$2:$H$1116) -> 643 | J44: 549.5 | K44: 39 | L44: 20 | M44: 19 | N44: =J44+K44+L44+M44 -> 627.5 | O44: =IF(ISNUMBER(N44),N44,"") -> 627.5 | P44: =_xlfn.RANK.EQ(O44,$O$2:$O$1116) -> 712 | Q44: راسب | S44: 22 | T44: 23.5 | U44: =Q44+R44+S44+T44 -> #VALUE! | V44: =IF(ISNUMBER(U44),U44,"") | W44: =_xlfn.RANK.EQ(V44,$V$2:$V$1116) -> #VALUE! | Y44: =IF(ISNUMBER(X44),X44,"") | Z44: =_xlfn.RANK.EQ(Y44,$Y$2:$Y$1116) -> #VALUE! | AA44: =AB44/3180 -> #VALUE! | AB44: =C44+D44+E44+F44+J44+K44+L44+M44+Q44+R44+S44+T44+X44 -> #VALUE! | AC44: =IF(ISNUMBER(AB44),AB44,"") | AD44: =_xlfn.RANK.EQ(AC44,$AC$2:$AC$1116) -> #VALUE!
A45: 95 | B45: احمد علاء كامل محمد علي جنيدي | C45: 539.8 | D45: 21 | E45: 20 | F45: 20 | G45: =C45+D45+E45+F45 -> 600.8 | H45: =IF(ISNUMBER(G45),G45,"") -> 600.8 | I45: =_xlfn.RANK.EQ(H45,$H$2:$H$1116) -> 705 | J45: 531 | K45: 49 | L45: 20 | M45: 25 | N45: =J45+K45+L45+M45 -> 625 | O45: =IF(ISNUMBER(N45),N45,"") -> 625 | P45: =_xlfn.RANK.EQ(O45,$O$2:$O$1116) -> 720 | Q45: 222 | R45: 48 | S45: 25 | T45: 18 | U45: =Q45+R45+S45+T45 -> 313 | V45: =IF(ISNUMBER(U45),U45,"") -> 313 | W45: =_xlfn.RANK.EQ(V45,$V$2:$V$1116) -> 705 | Y45: =IF(ISNUMBER(X45),X45,"") | Z45: =_xlfn.RANK.EQ(Y45,$Y$2:$Y$1116) -> #VALUE! | AA45: =AB45/3180 -> 0.48389937 | AB45: =C45+D45+E45+F45+J45+K45+L45+M45+Q45+R45+S45+T45+X45 -> 1538.8 | AC45: =IF(ISNUMBER(AB45),AB45,"") -> 1538.8 | AD45: =_xlfn.RANK.EQ(AC45,$AC$2:$AC$1116) -> 691
A46: 97 | B46: احمد عماد الدين شاكر مصطفى | C46: 413.75 | D46: 15 | E46: 13 | F46: 18 | G46: =C46+D46+E46+F46 -> 459.75 | H46: =IF(ISNUMBER(G46),G46,"") -> 459.75 | I46: =_xlfn.RANK.EQ(H46,$H$2:$H$1116) -> 997 | J46: 480.7 | K46: 46 | L46: 18 | M46: 15 | N46: =J46+K46+L46+M46 -> 559.7 | O46: =IF(ISNUMBER(N46),N46,"") -> 559.7 | P46: =_xlfn.RANK.EQ(O46,$O$2:$O$1116) -> 881 | Q46: راسب | R46: 31 | S46: 25 | T46: 24 | U46: =Q46+R46+S46+T46 -> #VALUE! | V46: =IF(ISNUMBER(U46),U46,"") | W46: =_xlfn.RANK.EQ(V46,$V$2:$V$1116) -> #VALUE! | Y46: =IF(ISNUMBER(X46),X46,"") | Z46: =_xlfn.RANK.EQ(Y46,$Y$2:$Y$1116) -> #VALUE! | AA46: =AB46/3180 -> #VALUE! | AB46: =C46+D46+E46+F46+J46+K46+L46+M46+Q46+R46+S46+T46+X46 -> #VALUE! | AC46: =IF(ISNUMBER(AB46),AB46,"") | AD46: =_xlfn.RANK.EQ(AC46,$AC$2:$AC$1116) -> #VALUE!
A47: 100 | B47: احمد عمرو عبد العظيم حبيب | C47: 578.6 | D47: 22 | E47: 22 | F47: 18 | G47: =C47+D47+E47+F47 -> 640.6 | H47: =IF(ISNUMBER(G47),G47,"") -> 640.6 | I47: =_xlfn.RANK.EQ(H47,$H$2:$H$1116) -> 529 | J47: 599.1 | K47: 42 | L47: 20 | M47: 22 | N47: =J47+K47+L47+M47 -> 683.1 | O47: =IF(ISNUMBER(N47),N47,"") -> 683.1 | P47: =_xlfn.RANK.EQ(O47,$O$2:$O$1116) -> 402 | Q47: 270.5 | R47: 41 | S47: 24 | T47: 23.5 | U47: =Q47+R47+S47+T47 -> 359 | V47: =IF(ISNUMBER(U47),U47,"") -> 359 | W47: =_xlfn.RANK.EQ(V47,$V$2:$V$1116) -> 265 | Y47: =IF(ISNUMBER(X47),X47,"") | Z47: =_xlfn.RANK.EQ(Y47,$Y$2:$Y$1116) -> #VALUE! | AA47: =AB47/3180 -> 0.52915094 | AB47: =C47+D47+E47+F47+J47+K47+L47+M47+Q47+R47+S47+T47+X47 -> 1682.7 | AC47: =IF(ISNUMBER(AB47),AB47,"") -> 1682.7 | AD47: =_xlfn.RANK.EQ(AC47,$AC$2:$AC$1116) -> 414
A48: 101 | B48: احمد عيد عبدالمقصود محمد جادالله | C48: 609.1 | D48: 24 | E48: 20 | F48: 19 | G48: =C48+D48+E48+F48 -> 672.1 | H48: =IF(ISNUMBER(G48),G48,"") -> 672.1 | I48: =_xlfn.RANK.EQ(H48,$H$2:$H$1116) -> 348 | J48: 572.5 | K48: 45 | L48: 19 | M48: 17 | N48: =J48+K48+L48+M48 -> 653.5 | O48: =IF(ISNUMBER(N48),N48,"") -> 653.5 | P48: =_xlfn.RANK.EQ(O48,$O$2:$O$1116) -> 563 | Q48: 243 | R48: 44 | S48: 19 | T48: 24.5 | U48: =Q48+R48+S48+T48 -> 330.5 | V48: =IF(ISNUMBER(U48),U48,"") -> 330.5 | W48: =_xlfn.RANK.EQ(V48,$V$2:$V$1116) -> 556 | Y48: =IF(ISNUMBER(X48),X48,"") | Z48: =_xlfn.RANK.EQ(Y48,$Y$2:$Y$1116) -> #VALUE! | AA48: =AB48/3180 -> 0.52078616 | AB48: =C48+D48+E48+F48+J48+K48+L48+M48+Q48+R48+S48+T48+X48 -> 1656.1 | AC48: =IF(ISNUMBER(AB48),AB48,"") -> 1656.1 | AD48: =_xlfn.RANK.EQ(AC48,$AC$2:$AC$1116) -> 471
A49: 107 | B49: احمد فرج الله خضر احمد عبد العال | C49: 628.6 | D49: 25 | E49: 24 | F49: 25 | G49: =C49+D49+E49+F49 -> 702.6 | H49: =IF(ISNUMBER(G49),G49,"") -> 702.6 | I49: =_xlfn.RANK.EQ(H49,$H$2:$H$1116) -> 155 | J49: 611.4 | K49: 50 | L49: 21 | M49: 22 | N49: =J49+K49+L49+M49 -> 704.4 | O49: =IF(ISNUMBER(N49),N49,"") -> 704.4 | P49: =_xlfn.RANK.EQ(O49,$O$2:$O$1116) -> 246 | Q49: 271 | R49: 47.5 | S49: 25 | T49: 24.5 | U49: =Q49+R49+S49+T49 -> 368 | V49: =IF(ISNUMBER(U49),U49,"") -> 368 | W49: =_xlfn.RANK.EQ(V49,$V$2:$V$1116) -> 182 | Y49: =IF(ISNUMBER(X49),X49,"") | Z49: =_xlfn.RANK.EQ(Y49,$Y$2:$Y$1116) -> #VALUE! | AA49: =AB49/3180 -> 0.5581761 | AB49: =C49+D49+E49+F49+J49+K49+L49+M49+Q49+R49+S49+T49+X49 -> 1775 | AC49: =IF(ISNUMBER(AB49),AB49,"") -> 1775 | AD49: =_xlfn.RANK.EQ(AC49,$AC$2:$AC$1116) -> 176
A50: 109 | B50: احمد كارم محمود السيد الجميعى | C50: 591.1 | D50: 23 | E50: 24 | F50: 21 | G50: =C50+D50+E50+F50 -> 659.1 | H50: =IF(ISNUMBER(G50),G50,"") -> 659.1 | I50: =_xlfn.RANK.EQ(H50,$H$2:$H$1116) -> 435 | J50: 600.3 | K50: 48 | L50: 22 | M50: 24 | N50: =J50+K50+L50+M50 -> 694.3 | O50: =IF(ISNUMBER(N50),N50,"") -> 694.3 | P50: =_xlfn.RANK.EQ(O50,$O$2:$O$1116) -> 328 | Q50: 264 | R50: 48 | S50: 23 | T50: 23.5 | U50: =Q50+R50+S50+T50 -> 358.5 | V50: =IF(ISNUMBER(U50),U50,"") -> 358.5 | W50: =_xlfn.RANK.EQ(V50,$V$2:$V$1116) -> 275 | Y50: =IF(ISNUMBER(X50),X50,"") | Z50: =_xlfn.RANK.EQ(Y50,$Y$2:$Y$1116) -> #VALUE! | AA50: =AB50/3180 -> 0.53833333 | AB50: =C50+D50+E50+F50+J50+K50+L50+M50+Q50+R50+S50+T50+X50 -> 1711.9 | AC50: =IF(ISNUMBER(AB50),AB50,"") -> 1711.9 | AD50: =_xlfn.RANK.EQ(AC50,$AC$2:$AC$1116) -> 353
A51: 110 | B51: احمد كريم ابراهيم خليل شرشر | C51: 460.25 | D51: 19 | E51: 17 | F51: 23 | G51: =C51+D51+E51+F51 -> 519.25 | H51: =IF(ISNUMBER(G51),G51,"") -> 519.25 | I51: =_xlfn.RANK.EQ(H51,$H$2:$H$1116) -> 914 | J51: 421.2 | K51: 49 | L51: 20 | M51: 18 | N51: =J51+K51+L51+M51 -> 508.2 | O51: =IF(ISNUMBER(N51),N51,"") -> 508.2 | P51: =_xlfn.RANK.EQ(O51,$O$2:$O$1116) -> 971 | Q51: 199.75 | R51: 41.5 | S51: 24 | T51: 21.5 | U51: =Q51+R51+S51+T51 -> 286.75 | V51: =IF(ISNUMBER(U51),U51,"") -> 286.75 | W51: =_xlfn.RANK.EQ(V51,$V$2:$V$1116) -> 861 | Y51: =IF(ISNUMBER(X51),X51,"") | Z51: =_xlfn.RANK.EQ(Y51,$Y$2:$Y$1116) -> #VALUE! | AA51: =AB51/3180 -> 0.41327044 | AB51: =C51+D51+E51+F51+J51+K51+L51+M51+Q51+R51+S51+T51+X51 -> 1314.2 | AC51: =IF(ISNUMBER(AB51),AB51,"") -> 1314.2 | AD51: =_xlfn.RANK.EQ(AC51,$AC$2:$AC$1116) -> 915
A52: 112 | B52: احمد ماهر ابراهيم الدسوقى محمد الشحات | C52: 604.6 | D52: 25 | E52: 25 | F52: 24 | G52: =C52+D52+E52+F52 -> 678.6 | H52: =IF(ISNUMBER(G52),G52,"") -> 678.6 | I52: =_xlfn.RANK.EQ(H52,$H$2:$H$1116) -> 305 | J52: 604.9 | K52: 48 | L52: 21 | M52: 22 | N52: =J52+K52+L52+M52 -> 695.9 | O52: =IF(ISNUMBER(N52),N52,"") -> 695.9 | P52: =_xlfn.RANK.EQ(O52,$O$2:$O$1116) -> 315 | Q52: 279 | R52: 48.5 | S52: 25 | T52: 24 | U52: =Q52+R52+S52+T52 -> 376.5 | V52: =IF(ISNUMBER(U52),U52,"") -> 376.5 | W52: =_xlfn.RANK.EQ(V52,$V$2:$V$1116) -> 94 | Y52: =IF(ISNUMBER(X52),X52,"") | Z52: =_xlfn.RANK.EQ(Y52,$Y$2:$Y$1116) -> #VALUE! | AA52: =AB52/3180 -> 0.55062893 | AB52: =C52+D52+E52+F52+J52+K52+L52+M52+Q52+R52+S52+T52+X52 -> 1751 | AC52: =IF(ISNUMBER(AB52),AB52,"") -> 1751 | AD52: =_xlfn.RANK.EQ(AC52,$AC$2:$AC$1116) -> 229
A53: 115 | B53: احمد متولي محمد متولي | C53: 512.9 | D53: 22 | E53: 22 | F53: 22 | G53: =C53+D53+E53+F53 -> 578.9 | H53: =IF(ISNUMBER(G53),G53,"") -> 578.9 | I53: =_xlfn.RANK.EQ(H53,$H$2:$H$1116) -> 767 | J53: 534.6 | K53: 35 | L53: 23 | M53: 18 | N53: =J53+K53+L53+M53 -> 610.6 | O53: =IF(ISNUMBER(N53),N53,"") -> 610.6 | P53: =_xlfn.RANK.EQ(O53,$O$2:$O$1116) -> 761 | Q53: 206 | R53: 38 | S53: 21 | T53: 21.5 | U53: =Q53+R53+S53+T53 -> 286.5 | V53: =IF(ISNUMBER(U53),U53,"") -> 286.5 | W53: =_xlfn.RANK.EQ(V53,$V$2:$V$1116) -> 862 | Y53: =IF(ISNUMBER(X53),X53,"") | Z53: =_xlfn.RANK.EQ(Y53,$Y$2:$Y$1116) -> #VALUE! | AA53: =AB53/3180 -> 0.46415094 | AB53: =C53+D53+E53+F53+J53+K53+L53+M53+Q53+R53+S53+T53+X53 -> 1476 | AC53: =IF(ISNUMBER(AB53),AB53,"") -> 1476 | AD53: =_xlfn.RANK.EQ(AC53,$AC$2:$AC$1116) -> 778
A54: 117 | B54: احمد محمد محمد سعد | C54: 614.6 | D54: 23 | E54: 23 | F54: 22 | G54: =C54+D54+E54+F54 -> 682.6 | H54: =IF(ISNUMBER(G54),G54,"") -> 682.6 | I54: =_xlfn.RANK.EQ(H54,$H$2:$H$1116) -> 280 | J54: 611.7 | K54: 48 | L54: 21 | M54: 23 | N54: =J54+K54+L54+M54 -> 703.7 | O54: =IF(ISNUMBER(N54),N54,"") -> 703.7 | P54: =_xlfn.RANK.EQ(O54,$O$2:$O$1116) -> 253 | Q54: 265.5 | R54: 47.5 | S54: 25 | T54: 22.5 | U54: =Q54+R54+S54+T54 -> 360.5 | V54: =IF(ISNUMBER(U54),U54,"") -> 360.5 | W54: =_xlfn.RANK.EQ(V54,$V$2:$V$1116) -> 248 | Y54: =IF(ISNUMBER(X54),X54,"") | Z54: =_xlfn.RANK.EQ(Y54,$Y$2:$Y$1116) -> #VALUE! | AA54: =AB54/3180 -> 0.54930818 | AB54: =C54+D54+E54+F54+J54+K54+L54+M54+Q54+R54+S54+T54+X54 -> 1746.8 | AC54: =IF(ISNUMBER(AB54),AB54,"") -> 1746.8 | AD54: =_xlfn.RANK.EQ(AC54,$AC$2:$AC$1116) -> 240
A55: 118 | B55: احمد محمد ابراهيم شومان | C55: 648.1 | D55: 25 | E55: 24 | F55: 24 | G55: =C55+D55+E55+F55 -> 721.1 | H55: =IF(ISNUMBER(G55),G55,"") -> 721.1 | I55: =_xlfn.RANK.EQ(H55,$H$2:$H$1116) -> 49 | J55: 631.5 | K55: 47 | L55: 22 | M55: 20 | N55: =J55+K55+L55+M55 -> 720.5 | O55: =IF(ISNUMBER(N55),N55,"") -> 720.5 | P55: =_xlfn.RANK.EQ(O55,$O$2:$O$1116) -> 112 | Q55: 272 | R55: 46.5 | S55: 24 | T55: 25 | U55: =Q55+R55+S55+T55 -> 367.5 | V55: =IF(ISNUMBER(U55),U55,"") -> 367.5 | W55: =_xlfn.RANK.EQ(V55,$V$2:$V$1116) -> 188 | Y55: =IF(ISNUMBER(X55),X55,"") | Z55: =_xlfn.RANK.EQ(Y55,$Y$2:$Y$1116) -> #VALUE! | AA55: =AB55/3180 -> 0.56889937 | AB55: =C55+D55+E55+F55+J55+K55+L55+M55+Q55+R55+S55+T55+X55 -> 1809.1 | AC55: =IF(ISNUMBER(AB55),AB55,"") -> 1809.1 | AD55: =_xlfn.RANK.EQ(AC55,$AC$2:$AC$1116) -> 87
A56: 119 | B56: احمد محمد ابراهيم محمد اسماعيل | C56: راسب | E56: 17 | F56: 16.5 | G56: =C56+D56+E56+F56 -> #VALUE! | H56: =IF(ISNUMBER(G56),G56,"") | I56: =_xlfn.RANK.EQ(H56,$H$2:$H$1116) -> #VALUE! | J56: 415 | K56: 33 | L56: 21 | M56: 22 | N56: =J56+K56+L56+M56 -> 491 | O56: =IF(ISNUMBER(N56),N56,"") -> 491 | P56: =_xlfn.RANK.EQ(O56,$O$2:$O$1116) -> 992 | Q56: 82.75 | R56: 38 | S56: 23 | T56: 19.5 | U56: =Q56+R56+S56+T56 -> 163.25 | V56: =IF(ISNUMBER(U56),U56,"") -> 163.25 | W56: =_xlfn.RANK.EQ(V56,$V$2:$V$1116) -> 994 | Y56: =IF(ISNUMBER(X56),X56,"") | Z56: =_xlfn.RANK.EQ(Y56,$Y$2:$Y$1116) -> #VALUE! | AA56: =AB56/3180 -> #VALUE! | AB56: =C56+D56+E56+F56+J56+K56+L56+M56+Q56+R56+S56+T56+X56 -> #VALUE! | AC56: =IF(ISNUMBER(AB56),AB56,"") | AD56: =_xlfn.RANK.EQ(AC56,$AC$2:$AC$1116) -> #VALUE!
A57: 120 | B57: احمد محمد احمد الشيخ محمد سعد | C57: 618.7 | D57: 25 | E57: 23 | F57: 22 | G57: =C57+D57+E57+F57 -> 688.7 | H57: =IF(ISNUMBER(G57),G57,"") -> 688.7 | I57: =_xlfn.RANK.EQ(H57,$H$2:$H$1116) -> 245 | J57: 620.1 | K57: 49 | L57: 22 | M57: 23 | N57: =J57+K57+L57+M57 -> 714.1 | O57: =IF(ISNUMBER(N57),N57,"") -> 714.1 | P57: =_xlfn.RANK.EQ(O57,$O$2:$O$1116) -> 159 | Q57: 271.5 | R57: 48.5 | S57: 23 | T57: 25 | U57: =Q57+R57+S57+T57 -> 368 | V57: =IF(ISNUMBER(U57),U57,"") -> 368 | W57: =_xlfn.RANK.EQ(V57,$V$2:$V$1116) -> 182 | Y57: =IF(ISNUMBER(X57),X57,"") | Z57: =_xlfn.RANK.EQ(Y57,$Y$2:$Y$1116) -> #VALUE! | AA57: =AB57/3180 -> 0.55685535 | AB57: =C57+D57+E57+F57+J57+K57+L57+M57+Q57+R57+S57+T57+X57 -> 1770.8 | AC57: =IF(ISNUMBER(AB57),AB57,"") -> 1770.8 | AD57: =_xlfn.RANK.EQ(AC57,$AC$2:$AC$1116) -> 186
A58: 122 | B58: احمد محمد احمد عبد الهادى اسماعيل | C58: 647.5 | D58: 24 | E58: 25 | F58: 25 | G58: =C58+D58+E58+F58 -> 721.5 | H58: =IF(ISNUMBER(G58),G58,"") -> 721.5 | I58: =_xlfn.RANK.EQ(H58,$H$2:$H$1116) -> 47 | J58: 637.6 | K58: 49 | L58: 23 | M58: 23 | N58: =J58+K58+L58+M58 -> 732.6 | O58: =IF(ISNUMBER(N58),N58,"") -> 732.6 | P58: =_xlfn.RANK.EQ(O58,$O$2:$O$1116) -> 33 | Q58: 288 | R58: 47.5 | S58: 25 | T58: 23 | U58: =Q58+R58+S58+T58 -> 383.5 | V58: =IF(ISNUMBER(U58),U58,"") -> 383.5 | W58: =_xlfn.RANK.EQ(V58,$V$2:$V$1116) -> 42 | Y58: =IF(ISNUMBER(X58),X58,"") | Z58: =_xlfn.RANK.EQ(Y58,$Y$2:$Y$1116) -> #VALUE! | AA58: =AB58/3180 -> 0.57786164 | AB58: =C58+D58+E58+F58+J58+K58+L58+M58+Q58+R58+S58+T58+X58 -> 1837.6 | AC58: =IF(ISNUMBER(AB58),AB58,"") -> 1837.6 | AD58: =_xlfn.RANK.EQ(AC58,$AC$2:$AC$1116) -> 36
A59: 124 | B59: احمد محمد احمد مبروك زعيتر | C59: 632.1 | D59: 25 | E59: 25 | F59: 25 | G59: =C59+D59+E59+F59 -> 707.1 | H59: =IF(ISNUMBER(G59),G59,"") -> 707.1 | I59: =_xlfn.RANK.EQ(H59,$H$2:$H$1116) -> 130 | J59: 610.5 | K59: 49 | L59: 22 | M59: 22 | N59: =J59+K59+L59+M59 -> 703.5 | O59: =IF(ISNUMBER(N59),N59,"") -> 703.5 | P59: =_xlfn.RANK.EQ(O59,$O$2:$O$1116) -> 255 | Q59: 271 | R59: 49.5 | S59: 24 | T59: 24 | U59: =Q59+R59+S59+T59 -> 368.5 | V59: =IF(ISNUMBER(U59),U59,"") -> 368.5 | W59: =_xlfn.RANK.EQ(V59,$V$2:$V$1116) -> 170 | Y59: =IF(ISNUMBER(X59),X59,"") | Z59: =_xlfn.RANK.EQ(Y59,$Y$2:$Y$1116) -> #VALUE! | AA59: =AB59/3180 -> 0.55946541 | AB59: =C59+D59+E59+F59+J59+K59+L59+M59+Q59+R59+S59+T59+X59 -> 1779.1 | AC59: =IF(ISNUMBER(AB59),AB59,"") -> 1779.1 | AD59: =_xlfn.RANK.EQ(AC59,$AC$2:$AC$1116) -> 161
A60: 130 | B60: احمد محمد زين عبد الحميد قطب | C60: 638.8 | D60: 23 | E60: 25 | F60: 22 | G60: =C60+D60+E60+F60 -> 708.8 | H60: =IF(ISNUMBER(G60),G60,"") -> 708.8 | I60: =_xlfn.RANK.EQ(H60,$H$2:$H$1116) -> 122 | J60: 616 | K60: 50 | L60: 23 | M60: 24 | N60: =J60+K60+L60+M60 -> 713 | O60: =IF(ISNUMBER(N60),N60,"") -> 713 | P60: =_xlfn.RANK.EQ(O60,$O$2:$O$1116) -> 171 | Q60: 251 | R60: 48 | S60: 25 | T60: 25 | U60: =Q60+R60+S60+T60 -> 349 | V60: =IF(ISNUMBER(U60),U60,"") -> 349 | W60: =_xlfn.RANK.EQ(V60,$V$2:$V$1116) -> 386 | Y60: =IF(ISNUMBER(X60),X60,"") | Z60: =_xlfn.RANK.EQ(Y60,$Y$2:$Y$1116) -> #VALUE! | AA60: =AB60/3180 -> 0.55685535 | AB60: =C60+D60+E60+F60+J60+K60+L60+M60+Q60+R60+S60+T60+X60 -> 1770.8 | AC60: =IF(ISNUMBER(AB60),AB60,"") -> 1770.8 | AD60: =_xlfn.RANK.EQ(AC60,$AC$2:$AC$1116) -> 187
A61: 132 | B61: احمد محمد صلاح الدين عبدالسلام السيد | C61: 640.5 | D61: 25 | E61: 24 | F61: 22 | G61: =C61+D61+E61+F61 -> 711.5 | H61: =IF(ISNUMBER(G61),G61,"") -> 711.5 | I61: =_xlfn.RANK.EQ(H61,$H$2:$H$1116) -> 107 | J61: 632 | K61: 49 | L61: 22 | M61: 25 | N61: =J61+K61+L61+M61 -> 728 | O61: =IF(ISNUMBER(N61),N61,"") -> 728 | P61: =_xlfn.RANK.EQ(O61,$O$2:$O$1116) -> 63 | Q61: 285 | R61: 48 | S61: 25 | T61: 25 | U61: =Q61+R61+S61+T61 -> 383 | V61: =IF(ISNUMBER(U61),U61,"") -> 383 | W61: =_xlfn.RANK.EQ(V61,$V$2:$V$1116) -> 46 | Y61: =IF(ISNUMBER(X61),X61,"") | Z61: =_xlfn.RANK.EQ(Y61,$Y$2:$Y$1116) -> #VALUE! | AA61: =AB61/3180 -> 0.57311321 | AB61: =C61+D61+E61+F61+J61+K61+L61+M61+Q61+R61+S61+T61+X61 -> 1822.5 | AC61: =IF(ISNUMBER(AB61),AB61,"") -> 1822.5 | AD61: =_xlfn.RANK.EQ(AC61,$AC$2:$AC$1116) -> 64
A62: 133 | B62: احمد محمد عبدالحميد احمد | C62: 531 | D62: 20 | E62: 25 | F62: 23 | G62: =C62+D62+E62+F62 -> 599 | H62: =IF(ISNUMBER(G62),G62,"") -> 599 | I62: =_xlfn.RANK.EQ(H62,$H$2:$H$1116) -> 712 | J62: 479.7 | K62: 50 | L62: 21 | M62: 24 | N62: =J62+K62+L62+M62 -> 574.7 | O62: =IF(ISNUMBER(N62),N62,"") -> 574.7 | P62: =_xlfn.RANK.EQ(O62,$O$2:$O$1116) -> 846 | Q62: 225 | R62: 49.5 | S62: 25 | T62: 25 | U62: =Q62+R62+S62+T62 -> 324.5 | V62: =IF(ISNUMBER(U62),U62,"") -> 324.5 | W62: =_xlfn.RANK.EQ(V62,$V$2:$V$1116) -> 617 | Y62: =IF(ISNUMBER(X62),X62,"") | Z62: =_xlfn.RANK.EQ(Y62,$Y$2:$Y$1116) -> #VALUE! | AA62: =AB62/3180 -> 0.47113208 | AB62: =C62+D62+E62+F62+J62+K62+L62+M62+Q62+R62+S62+T62+X62 -> 1498.2 | AC62: =IF(ISNUMBER(AB62),AB62,"") -> 1498.2 | AD62: =_xlfn.RANK.EQ(AC62,$AC$2:$AC$1116) -> 739
A63: 135 | B63: احمد محمد عبدالحميد جادالله قويدر | C63: 614.8 | E63: 25 | F63: 25 | G63: =C63+D63+E63+F63 -> 664.8 | H63: =IF(ISNUMBER(G63),G63,"") -> 664.8 | I63: =_xlfn.RANK.EQ(H63,$H$2:$H$1116) -> 395 | J63: 598.5 | K63: 46 | L63: 22 | M63: 22 | N63: =J63+K63+L63+M63 -> 688.5 | O63: =IF(ISNUMBER(N63),N63,"") -> 688.5 | P63: =_xlfn.RANK.EQ(O63,$O$2:$O$1116) -> 370 | Q63: 228 | R63: 42.5 | S63: 21 | T63: 24 | U63: =Q63+R63+S63+T63 -> 315.5 | V63: =IF(ISNUMBER(U63),U63,"") -> 315.5 | W63: =_xlfn.RANK.EQ(V63,$V$2:$V$1116) -> 688 | Y63: =IF(ISNUMBER(X63),X63,"") | Z63: =_xlfn.RANK.EQ(Y63,$Y$2:$Y$1116) -> #VALUE! | AA63: =AB63/3180 -> 0.52477987 | AB63: =C63+D63+E63+F63+J63+K63+L63+M63+Q63+R63+S63+T63+X63 -> 1668.8 | AC63: =IF(ISNUMBER(AB63),AB63,"") -> 1668.8 | AD63: =_xlfn.RANK.EQ(AC63,$AC$2:$AC$1116) -> 438
A64: 136 | B64: احمد محمد عبده خزيمى | C64: 488.1 | D64: 24 | E64: 23 | F64: 23 | G64: =C64+D64+E64+F64 -> 558.1 | H64: =IF(ISNUMBER(G64),G64,"") -> 558.1 | I64: =_xlfn.RANK.EQ(H64,$H$2:$H$1116) -> 827 | J64: 607 | K64: 46 | L64: 21 | M64: 18 | N64: =J64+K64+L64+M64 -> 692 | O64: =IF(ISNUMBER(N64),N64,"") -> 692 | P64: =_xlfn.RANK.EQ(O64,$O$2:$O$1116) -> 345 | Q64: 193.5 | R64: 33 | S64: 22 | T64: 24 | U64: =Q64+R64+S64+T64 -> 272.5 | V64: =IF(ISNUMBER(U64),U64,"") -> 272.5 | W64: =_xlfn.RANK.EQ(V64,$V$2:$V$1116) -> 903 | Y64: =IF(ISNUMBER(X64),X64,"") | Z64: =_xlfn.RANK.EQ(Y64,$Y$2:$Y$1116) -> #VALUE! | AA64: =AB64/3180 -> 0.47880503 | AB64: =C64+D64+E64+F64+J64+K64+L64+M64+Q64+R64+S64+T64+X64 -> 1522.6 | AC64: =IF(ISNUMBER(AB64),AB64,"") -> 1522.6 | AD64: =_xlfn.RANK.EQ(AC64,$AC$2:$AC$1116) -> 708
A65: 140 | B65: احمد محمد فتحي النزهي | C65: 630.3 | D65: 25 | E65: 25 | F65: 23 | G65: =C65+D65+E65+F65 -> 703.3 | H65: =IF(ISNUMBER(G65),G65,"") -> 703.3 | I65: =_xlfn.RANK.EQ(H65,$H$2:$H$1116) -> 149 | J65: 634.5 | K65: 49 | L65: 23 | M65: 24 | N65: =J65+K65+L65+M65 -> 730.5 | O65: =IF(ISNUMBER(N65),N65,"") -> 730.5 | P65: =_xlfn.RANK.EQ(O65,$O$2:$O$1116) -> 43 | Q65: 287 | R65: 49.5 | S65: 25 | T65: 25 | U65: =Q65+R65+S65+T65 -> 386.5 | V65: =IF(ISNUMBER(U65),U65,"") -> 386.5 | W65: =_xlfn.RANK.EQ(V65,$V$2:$V$1116) -> 24 | Y65: =IF(ISNUMBER(X65),X65,"") | Z65: =_xlfn.RANK.EQ(Y65,$Y$2:$Y$1116) -> #VALUE! | AA65: =AB65/3180 -> 0.57242138 | AB65: =C65+D65+E65+F65+J65+K65+L65+M65+Q65+R65+S65+T65+X65 -> 1820.3 | AC65: =IF(ISNUMBER(AB65),AB65,"") -> 1820.3 | AD65: =_xlfn.RANK.EQ(AC65,$AC$2:$AC$1116) -> 70
A66: 141 | B66: احمد محمد فريد عبدالرحمن عبد الرحمن ابو هيكل | C66: 645.8 | D66: 25 | E66: 25 | F66: 23 | G66: =C66+D66+E66+F66 -> 718.8 | H66: =IF(ISNUMBER(G66),G66,"") -> 718.8 | I66: =_xlfn.RANK.EQ(H66,$H$2:$H$1116) -> 65 | J66: 632 | K66: 49 | L66: 22 | M66: 24 | N66: =J66+K66+L66+M66 -> 727 | O66: =IF(ISNUMBER(N66),N66,"") -> 727 | P66: =_xlfn.RANK.EQ(O66,$O$2:$O$1116) -> 73 | Q66: 279.5 | R66: 49.5 | S66: 24 | T66: 25 | U66: =Q66+R66+S66+T66 -> 378 | V66: =IF(ISNUMBER(U66),U66,"") -> 378 | W66: =_xlfn.RANK.EQ(V66,$V$2:$V$1116) -> 83 | Y66: =IF(ISNUMBER(X66),X66,"") | Z66: =_xlfn.RANK.EQ(Y66,$Y$2:$Y$1116) -> #VALUE! | AA66: =AB66/3180 -> 0.57352201 | AB66: =C66+D66+E66+F66+J66+K66+L66+M66+Q66+R66+S66+T66+X66 -> 1823.8 | AC66: =IF(ISNUMBER(AB66),AB66,"") -> 1823.8 | AD66: =_xlfn.RANK.EQ(AC66,$AC$2:$AC$1116) -> 61
A67: 142 | B67: احمد محمد محمد احمد العطار | C67: 528.9 | D67: 22 | E67: 19 | F67: 20 | G67: =C67+D67+E67+F67 -> 589.9 | H67: =IF(ISNUMBER(G67),G67,"") -> 589.9 | I67: =_xlfn.RANK.EQ(H67,$H$2:$H$1116) -> 737 | J67: 418.3 | K67: 36 | L67: 21 | M67: 21 | N67: =J67+K67+L67+M67 -> 496.3 | O67: =IF(ISNUMBER(N67),N67,"") -> 496.3 | P67: =_xlfn.RANK.EQ(O67,$O$2:$O$1116) -> 987 | Q67: 159 | R67: 31.5 | S67: 19 | T67: 21.5 | U67: =Q67+R67+S67+T67 -> 231 | V67: =IF(ISNUMBER(U67),U67,"") -> 231 | W67: =_xlfn.RANK.EQ(V67,$V$2:$V$1116) -> 973 | Y67: =IF(ISNUMBER(X67),X67,"") | Z67: =_xlfn.RANK.EQ(Y67,$Y$2:$Y$1116) -> #VALUE! | AA67: =AB67/3180 -> 0.41421384 | AB67: =C67+D67+E67+F67+J67+K67+L67+M67+Q67+R67+S67+T67+X67 -> 1317.2 | AC67: =IF(ISNUMBER(AB67),AB67,"") -> 1317.2 | AD67: =_xlfn.RANK.EQ(AC67,$AC$2:$AC$1116) -> 914
A68: 143 | B68: احمد محمد محمود عامر | C68: 529.9 | D68: 22 | E68: 16 | F68: 19 | G68: =C68+D68+E68+F68 -> 586.9 | H68: =IF(ISNUMBER(G68),G68,"") -> 586.9 | I68: =_xlfn.RANK.EQ(H68,$H$2:$H$1116) -> 748 | J68: 523.3 | K68: 37 | L68: 23 | M68: 23 | N68: =J68+K68+L68+M68 -> 606.3 | O68: =IF(ISNUMBER(N68),N68,"") -> 606.3 | P68: =_xlfn.RANK.EQ(O68,$O$2:$O$1116) -> 774 | Q68: 218.5 | R68: 41.5 | S68: 25 | T68: 23.5 | U68: =Q68+R68+S68+T68 -> 308.5 | V68: =IF(ISNUMBER(U68),U68,"") -> 308.5 | W68: =_xlfn.RANK.EQ(V68,$V$2:$V$1116) -> 744 | Y68: =IF(ISNUMBER(X68),X68,"") | Z68: =_xlfn.RANK.EQ(Y68,$Y$2:$Y$1116) -> #VALUE! | AA68: =AB68/3180 -> 0.4722327 | AB68: =C68+D68+E68+F68+J68+K68+L68+M68+Q68+R68+S68+T68+X68 -> 1501.7 | AC68: =IF(ISNUMBER(AB68),AB68,"") -> 1501.7 | AD68: =_xlfn.RANK.EQ(AC68,$AC$2:$AC$1116) -> 736
A69: 144 | B69: احمد محمد مصطفي محمود العكاوي | C69: 432.5 | D69: 16 | E69: 22 | F69: 19 | G69: =C69+D69+E69+F69 -> 489.5 | H69: =IF(ISNUMBER(G69),G69,"") -> 489.5 | I69: =_xlfn.RANK.EQ(H69,$H$2:$H$1116) -> 963 | J69: 401.65 | K69: 32 | L69: 20 | M69: 17 | N69: =J69+K69+L69+M69 -> 470.65 | O69: =IF(ISNUMBER(N69),N69,"") -> 470.65 | P69: =_xlfn.RANK.EQ(O69,$O$2:$O$1116) -> 1014 | Q69: راسب | R69: 36.5 | S69: 25 | T69: 24 | U69: =Q69+R69+S69+T69 -> #VALUE! | V69: =IF(ISNUMBER(U69),U69,"") | W69: =_xlfn.RANK.EQ(V69,$V$2:$V$1116) -> #VALUE! | Y69: =IF(ISNUMBER(X69),X69,"") | Z69: =_xlfn.RANK.EQ(Y69,$Y$2:$Y$1116) -> #VALUE! | AA69: =AB69/3180 -> #VALUE! | AB69: =C69+D69+E69+F69+J69+K69+L69+M69+Q69+R69+S69+T69+X69 -> #VALUE! | AC69: =IF(ISNUMBER(AB69),AB69,"") | AD69: =_xlfn.RANK.EQ(AC69,$AC$2:$AC$1116) -> #VALUE!
A70: 146 | B70: احمد محمد مهدى عبدالحميد عشيبة | C70: 535.2 | D70: 24 | E70: 24 | F70: 21 | G70: =C70+D70+E70+F70 -> 604.2 | H70: =IF(ISNUMBER(G70),G70,"") -> 604.2 | I70: =_xlfn.RANK.EQ(H70,$H$2:$H$1116) -> 694 | J70: 573.3 | K70: 44 | L70: 23 | M70: 24 | N70: =J70+K70+L70+M70 -> 664.3 | O70: =IF(ISNUMBER(N70),N70,"") -> 664.3 | P70: =_xlfn.RANK.EQ(O70,$O$2:$O$1116) -> 511 | Q70: 240 | R70: 46.5 | S70: 22 | T70: 25 | U70: =Q70+R70+S70+T70 -> 333.5 | V70: =IF(ISNUMBER(U70),U70,"") -> 333.5 | W70: =_xlfn.RANK.EQ(V70,$V$2:$V$1116) -> 537 | Y70: =IF(ISNUMBER(X70),X70,"") | Z70: =_xlfn.RANK.EQ(Y70,$Y$2:$Y$1116) -> #VALUE! | AA70: =AB70/3180 -> 0.50377358 | AB70: =C70+D70+E70+F70+J70+K70+L70+M70+Q70+R70+S70+T70+X70 -> 1602 | AC70: =IF(ISNUMBER(AB70),AB70,"") -> 1602 | AD70: =_xlfn.RANK.EQ(AC70,$AC$2:$AC$1116) -> 584
A71: 148 | B71: احمد محمود احمد محمود عناني | C71: 560.7 | D71: 23 | E71: 23 | F71: 21 | G71: =C71+D71+E71+F71 -> 627.7 | H71: =IF(ISNUMBER(G71),G71,"") -> 627.7 | I71: =_xlfn.RANK.EQ(H71,$H$2:$H$1116) -> 598 | J71: 545.3 | K71: 46 | L71: 19 | M71: 20 | N71: =J71+K71+L71+M71 -> 630.3 | O71: =IF(ISNUMBER(N71),N71,"") -> 630.3 | P71: =_xlfn.RANK.EQ(O71,$O$2:$O$1116) -> 699 | Q71: 233.5 | R71: 44 | S71: 20 | T71: 23 | U71: =Q71+R71+S71+T71 -> 320.5 | V71: =IF(ISNUMBER(U71),U71,"") -> 320.5 | W71: =_xlfn.RANK.EQ(V71,$V$2:$V$1116) -> 650 | Y71: =IF(ISNUMBER(X71),X71,"") | Z71: =_xlfn.RANK.EQ(Y71,$Y$2:$Y$1116) -> #VALUE! | AA71: =AB71/3180 -> 0.49638365 | AB71: =C71+D71+E71+F71+J71+K71+L71+M71+Q71+R71+S71+T71+X71 -> 1578.5 | AC71: =IF(ISNUMBER(AB71),AB71,"") -> 1578.5 | AD71: =_xlfn.RANK.EQ(AC71,$AC$2:$AC$1116) -> 633
A72: 151 | B72: احمد محمود سعد عبد المجيد شاهين | C72: 561 | D72: 20 | E72: 22 | F72: 22 | G72: =C72+D72+E72+F72 -> 625 | H72: =IF(ISNUMBER(G72),G72,"") -> 625 | I72: =_xlfn.RANK.EQ(H72,$H$2:$H$1116) -> 609 | J72: 550.7 | K72: 42 | L72: 22 | M72: 20 | N72: =J72+K72+L72+M72 -> 634.7 | O72: =IF(ISNUMBER(N72),N72,"") -> 634.7 | P72: =_xlfn.RANK.EQ(O72,$O$2:$O$1116) -> 679 | Q72: 239 | R72: 49 | S72: 25 | T72: 24 | U72: =Q72+R72+S72+T72 -> 337 | V72: =IF(ISNUMBER(U72),U72,"") -> 337 | W72: =_xlfn.RANK.EQ(V72,$V$2:$V$1116) -> 508 | Y72: =IF(ISNUMBER(X72),X72,"") | Z72: =_xlfn.RANK.EQ(Y72,$Y$2:$Y$1116) -> #VALUE! | AA72: =AB72/3180 -> 0.50210692 | AB72: =C72+D72+E72+F72+J72+K72+L72+M72+Q72+R72+S72+T72+X72 -> 1596.7 | AC72: =IF(ISNUMBER(AB72),AB72,"") -> 1596.7 | AD72: =_xlfn.RANK.EQ(AC72,$AC$2:$AC$1116) -> 596
A73: 152 | B73: احمد محمود عبد الوكيل سالم | C73: 592.6 | D73: 22 | E73: 22 | F73: 23 | G73: =C73+D73+E73+F73 -> 659.6 | H73: =IF(ISNUMBER(G73),G73,"") -> 659.6 | I73: =_xlfn.RANK.EQ(H73,$H$2:$H$1116) -> 432 | J73: 594.8 | K73: 47 | L73: 21 | M73: 20 | N73: =J73+K73+L73+M73 -> 682.8 | O73: =IF(ISNUMBER(N73),N73,"") -> 682.8 | P73: =_xlfn.RANK.EQ(O73,$O$2:$O$1116) -> 408 | Q73: 243.75 | R73: 46 | S73: 22 | T73: 25 | U73: =Q73+R73+S73+T73 -> 336.75 | V73: =IF(ISNUMBER(U73),U73,"") -> 336.75 | W73: =_xlfn.RANK.EQ(V73,$V$2:$V$1116) -> 514 | Y73: =IF(ISNUMBER(X73),X73,"") | Z73: =_xlfn.RANK.EQ(Y73,$Y$2:$Y$1116) -> #VALUE! | AA73: =AB73/3180 -> 0.52803459 | AB73: =C73+D73+E73+F73+J73+K73+L73+M73+Q73+R73+S73+T73+X73 -> 1679.15 | AC73: =IF(ISNUMBER(AB73),AB73,"") -> 1679.15 | AD73: =_xlfn.RANK.EQ(AC73,$AC$2:$AC$1116) -> 422
A74: 155 | B74: احمد مصطفى عبد الرحمن السعداوى | C74: 438.95 | D74: 18 | E74: 20 | F74: 23 | G74: =C74+D74+E74+F74 -> 499.95 | H74: =IF(ISNUMBER(G74),G74,"") -> 499.95 | I74: =_xlfn.RANK.EQ(H74,$H$2:$H$1116) -> 946 | J74: 511.4 | K74: 40 | L74: 20 | M74: 22 | N74: =J74+K74+L74+M74 -> 593.4 | O74: =IF(ISNUMBER(N74),N74,"") -> 593.4 | P74: =_xlfn.RANK.EQ(O74,$O$2:$O$1116) -> 806 | Q74: 185 | R74: 48 | S74: 25 | T74: 24 | U74: =Q74+R74+S74+T74 -> 282 | V74: =IF(ISNUMBER(U74),U74,"") -> 282 | W74: =_xlfn.RANK.EQ(V74,$V$2:$V$1116) -> 881 | Y74: =IF(ISNUMBER(X74),X74,"") | Z74: =_xlfn.RANK.EQ(Y74,$Y$2:$Y$1116) -> #VALUE! | AA74: =AB74/3180 -> 0.4325 | AB74: =C74+D74+E74+F74+J74+K74+L74+M74+Q74+R74+S74+T74+X74 -> 1375.35 | AC74: =IF(ISNUMBER(AB74),AB74,"") -> 1375.35 | AD74: =_xlfn.RANK.EQ(AC74,$AC$2:$AC$1116) -> 877
A75: 156 | B75: احمد معتز عبد المالك عبد الرحمن | C75: 643.6 | D75: 25 | E75: 25 | F75: 24 | G75: =C75+D75+E75+F75 -> 717.6 | H75: =IF(ISNUMBER(G75),G75,"") -> 717.6 | I75: =_xlfn.RANK.EQ(H75,$H$2:$H$1116) -> 68 | J75: 631.8 | K75: 49 | L75: 22 | M75: 24 | N75: =J75+K75+L75+M75 -> 726.8 | O75: =IF(ISNUMBER(N75),N75,"") -> 726.8 | P75: =_xlfn.RANK.EQ(O75,$O$2:$O$1116) -> 74 | Q75: 290 | R75: 48 | S75: 25 | T75: 25 | U75: =Q75+R75+S75+T75 -> 388 | V75: =IF(ISNUMBER(U75),U75,"") -> 388 | W75: =_xlfn.RANK.EQ(V75,$V$2:$V$1116) -> 13 | Y75: =IF(ISNUMBER(X75),X75,"") | Z75: =_xlfn.RANK.EQ(Y75,$Y$2:$Y$1116) -> #VALUE! | AA75: =AB75/3180 -> 0.57622642 | AB75: =C75+D75+E75+F75+J75+K75+L75+M75+Q75+R75+S75+T75+X75 -> 1832.4 | AC75: =IF(ISNUMBER(AB75),AB75,"") -> 1832.4 | AD75: =_xlfn.RANK.EQ(AC75,$AC$2:$AC$1116) -> 46
A76: 157 | B76: احمد ممدوح حامد سويطى | C76: 454 | D76: 18 | E76: 15 | F76: 20 | G76: =C76+D76+E76+F76 -> 507 | H76: =IF(ISNUMBER(G76),G76,"") -> 507 | I76: =_xlfn.RANK.EQ(H76,$H$2:$H$1116) -> 934 | J76: 455.95 | K76: 47 | L76: 18 | M76: 23 | N76: =J76+K76+L76+M76 -> 543.95 | O76: =IF(ISNUMBER(N76),N76,"") -> 543.95 | P76: =_xlfn.RANK.EQ(O76,$O$2:$O$1116) -> 919 | Q76: راسب | R76: 47.5 | S76: 25 | T76: 25 | U76: =Q76+R76+S76+T76 -> #VALUE! | V76: =IF(ISNUMBER(U76),U76,"") | W76: =_xlfn.RANK.EQ(V76,$V$2:$V$1116) -> #VALUE! | Y76: =IF(ISNUMBER(X76),X76,"") | Z76: =_xlfn.RANK.EQ(Y76,$Y$2:$Y$1116) -> #VALUE! | AA76: =AB76/3180 -> #VALUE! | AB76: =C76+D76+E76+F76+J76+K76+L76+M76+Q76+R76+S76+T76+X76 -> #VALUE! | AC76: =IF(ISNUMBER(AB76),AB76,"") | AD76: =_xlfn.RANK.EQ(AC76,$AC$2:$AC$1116) -> #VALUE!
A77: 160 | B77: احمد ناصر فتحي السيد | C77: 530.6 | E77: 21 | F77: 19 | G77: =C77+D77+E77+F77 -> 570.6 | H77: =IF(ISNUMBER(G77),G77,"") -> 570.6 | I77: =_xlfn.RANK.EQ(H77,$H$2:$H$1116) -> 794 | J77: 523 | K77: 42 | L77: 20 | M77: 15 | N77: =J77+K77+L77+M77 -> 600 | O77: =IF(ISNUMBER(N77),N77,"") -> 600 | P77: =_xlfn.RANK.EQ(O77,$O$2:$O$1116) -> 787 | Q77: 202.5 | R77: 44.5 | S77: 25 | T77: 24 | U77: =Q77+R77+S77+T77 -> 296 | V77: =IF(ISNUMBER(U77),U77,"") -> 296 | W77: =_xlfn.RANK.EQ(V77,$V$2:$V$1116) -> 817 | Y77: =IF(ISNUMBER(X77),X77,"") | Z77: =_xlfn.RANK.EQ(Y77,$Y$2:$Y$1116) -> #VALUE! | AA77: =AB77/3180 -> 0.46119497 | AB77: =C77+D77+E77+F77+J77+K77+L77+M77+Q77+R77+S77+T77+X77 -> 1466.6 | AC77: =IF(ISNUMBER(AB77),AB77,"") -> 1466.6 | AD77: =_xlfn.RANK.EQ(AC77,$AC$2:$AC$1116) -> 790
A78: 162 | B78: احمد نبيل فرج السعداوى محمود | C78: 494.8 | D78: 24 | E78: 17 | F78: 23 | G78: =C78+D78+E78+F78 -> 558.8 | H78: =IF(ISNUMBER(G78),G78,"") -> 558.8 | I78: =_xlfn.RANK.EQ(H78,$H$2:$H$1116) -> 822 | J78: 473 | K78: 38 | L78: 22 | M78: 21 | N78: =J78+K78+L78+M78 -> 554 | O78: =IF(ISNUMBER(N78),N78,"") -> 554 | P78: =_xlfn.RANK.EQ(O78,$O$2:$O$1116) -> 893 | Q78: 232.5 | R78: 45 | S78: 24 | T78: 25 | U78: =Q78+R78+S78+T78 -> 326.5 | V78: =IF(ISNUMBER(U78),U78,"") -> 326.5 | W78: =_xlfn.RANK.EQ(V78,$V$2:$V$1116) -> 595 | Y78: =IF(ISNUMBER(X78),X78,"") | Z78: =_xlfn.RANK.EQ(Y78,$Y$2:$Y$1116) -> #VALUE! | AA78: =AB78/3180 -> 0.45261006 | AB78: =C78+D78+E78+F78+J78+K78+L78+M78+Q78+R78+S78+T78+X78 -> 1439.3 | AC78: =IF(ISNUMBER(AB78),AB78,"") -> 1439.3 | AD78: =_xlfn.RANK.EQ(AC78,$AC$2:$AC$1116) -> 826
A79: 163 | B79: احمد نبيل محمود عطاالله | C79: 629.1 | D79: 25 | E79: 25 | F79: 24 | G79: =C79+D79+E79+F79 -> 703.1 | H79: =IF(ISNUMBER(G79),G79,"") -> 703.1 | I79: =_xlfn.RANK.EQ(H79,$H$2:$H$1116) -> 151 | J79: 626.5 | K79: 49 | L79: 22 | M79: 23 | N79: =J79+K79+L79+M79 -> 720.5 | O79: =IF(ISNUMBER(N79),N79,"") -> 720.5 | P79: =_xlfn.RANK.EQ(O79,$O$2:$O$1116) -> 112 | Q79: 272 | R79: 48.5 | S79: 24 | T79: 24.5 | U79: =Q79+R79+S79+T79 -> 369 | V79: =IF(ISNUMBER(U79),U79,"") -> 369 | W79: =_xlfn.RANK.EQ(V79,$V$2:$V$1116) -> 163 | Y79: =IF(ISNUMBER(X79),X79,"") | Z79: =_xlfn.RANK.EQ(Y79,$Y$2:$Y$1116) -> #VALUE! | AA79: =AB79/3180 -> 0.56371069 | AB79: =C79+D79+E79+F79+J79+K79+L79+M79+Q79+R79+S79+T79+X79 -> 1792.6 | AC79: =IF(ISNUMBER(AB79),AB79,"") -> 1792.6 | AD79: =_xlfn.RANK.EQ(AC79,$AC$2:$AC$1116) -> 126
A80: 164 | B80: احمد نصر عبدالبارى مطاوع | C80: #N/A | D80: 23 | E80: 22 | F80: 17 | G80: =C80+D80+E80+F80 -> #N/A | H80: =IF(ISNUMBER(G80),G80,"") | I80: =_xlfn.RANK.EQ(H80,$H$2:$H$1116) -> #VALUE! | J80: 523 | K80: 49 | L80: 21 | M80: 22 | N80: =J80+K80+L80+M80 -> 615 | O80: =IF(ISNUMBER(N80),N80,"") -> 615 | P80: =_xlfn.RANK.EQ(O80,$O$2:$O$1116) -> 749 | Q80: 138 | R80: 36.5 | S80: 23 | T80: 22 | U80: =Q80+R80+S80+T80 -> 219.5 | V80: =IF(ISNUMBER(U80),U80,"") -> 219.5 | W80: =_xlfn.RANK.EQ(V80,$V$2:$V$1116) -> 986 | Y80: =IF(ISNUMBER(X80),X80,"") | Z80: =_xlfn.RANK.EQ(Y80,$Y$2:$Y$1116) -> #VALUE! | AA80: =AB80/3180 -> #N/A | AB80: =C80+D80+E80+F80+J80+K80+L80+M80+Q80+R80+S80+T80+X80 -> #N/A | AC80: =IF(ISNUMBER(AB80),AB80,"") | AD80: =_xlfn.RANK.EQ(AC80,$AC$2:$AC$1116) -> #VALUE!
A81: 166 | B81: احمد نورالدين محمد اسماعيل | C81: 522.4 | D81: 21 | E81: 20 | F81: 18 | G81: =C81+D81+E81+F81 -> 581.4 | H81: =IF(ISNUMBER(G81),G81,"") -> 581.4 | I81: =_xlfn.RANK.EQ(H81,$H$2:$H$1116) -> 760 | J81: 472.3 | K81: 36 | L81: 23 | M81: 19 | N81: =J81+K81+L81+M81 -> 550.3 | O81: =IF(ISNUMBER(N81),N81,"") -> 550.3 | P81: =_xlfn.RANK.EQ(O81,$O$2:$O$1116) -> 904 | Q81: 253.5 | R81: 44 | S81: 24 | T81: 23 | U81: =Q81+R81+S81+T81 -> 344.5 | V81: =IF(ISNUMBER(U81),U81,"") -> 344.5 | W81: =_xlfn.RANK.EQ(V81,$V$2:$V$1116) -> 436 | Y81: =IF(ISNUMBER(X81),X81,"") | Z81: =_xlfn.RANK.EQ(Y81,$Y$2:$Y$1116) -> #VALUE! | AA81: =AB81/3180 -> 0.46421384 | AB81: =C81+D81+E81+F81+J81+K81+L81+M81+Q81+R81+S81+T81+X81 -> 1476.2 | AC81: =IF(ISNUMBER(AB81),AB81,"") -> 1476.2 | AD81: =_xlfn.RANK.EQ(AC81,$AC$2:$AC$1116) -> 776
A82: 167 | B82: احمد هاشم عوض محمود | C82: 524.9 | D82: 19 | E82: 10 | F82: 16 | G82: =C82+D82+E82+F82 -> 569.9 | H82: =IF(ISNUMBER(G82),G82,"") -> 569.9 | I82: =_xlfn.RANK.EQ(H82,$H$2:$H$1116) -> 795 | J82: 466 | K82: 27 | L82: 18 | M82: 11 | N82: =J82+K82+L82+M82 -> 522 | O82: =IF(ISNUMBER(N82),N82,"") -> 522 | P82: =_xlfn.RANK.EQ(O82,$O$2:$O$1116) -> 950 | Q82: 206 | R82: 34 | S82: 22 | T82: 23.5 | U82: =Q82+R82+S82+T82 -> 285.5 | V82: =IF(ISNUMBER(U82),U82,"") -> 285.5 | W82: =_xlfn.RANK.EQ(V82,$V$2:$V$1116) -> 867 | Y82: =IF(ISNUMBER(X82),X82,"") | Z82: =_xlfn.RANK.EQ(Y82,$Y$2:$Y$1116) -> #VALUE! | AA82: =AB82/3180 -> 0.43314465 | AB82: =C82+D82+E82+F82+J82+K82+L82+M82+Q82+R82+S82+T82+X82 -> 1377.4 | AC82: =IF(ISNUMBER(AB82),AB82,"") -> 1377.4 | AD82: =_xlfn.RANK.EQ(AC82,$AC$2:$AC$1116) -> 876
A83: 168 | B83: احمد هانى رافت محمود عيسى | C83: 604.1 | D83: 24 | E83: 25 | F83: 23 | G83: =C83+D83+E83+F83 -> 676.1 | H83: =IF(ISNUMBER(G83),G83,"") -> 676.1 | I83: =_xlfn.RANK.EQ(H83,$H$2:$H$1116) -> 327 | J83: 575.5 | K83: 47 | L83: 21 | M83: 21 | N83: =J83+K83+L83+M83 -> 664.5 | O83: =IF(ISNUMBER(N83),N83,"") -> 664.5 | P83: =_xlfn.RANK.EQ(O83,$O$2:$O$1116) -> 510 | Q83: 242 | R83: 41 | S83: 21 | T83: 25 | U83: =Q83+R83+S83+T83 -> 329 | V83: =IF(ISNUMBER(U83),U83,"") -> 329 | W83: =_xlfn.RANK.EQ(V83,$V$2:$V$1116) -> 565 | Y83: =IF(ISNUMBER(X83),X83,"") | Z83: =_xlfn.RANK.EQ(Y83,$Y$2:$Y$1116) -> #VALUE! | AA83: =AB83/3180 -> 0.52503145 | AB83: =C83+D83+E83+F83+J83+K83+L83+M83+Q83+R83+S83+T83+X83 -> 1669.6 | AC83: =IF(ISNUMBER(AB83),AB83,"") -> 1669.6 | AD83: =_xlfn.RANK.EQ(AC83,$AC$2:$AC$1116) -> 437
A84: 171 | B84: احمد هشام رشاد عاشور | C84: 637.3 | D84: 25 | E84: 24 | F84: 5 | G84: =C84+D84+E84+F84 -> 691.3 | H84: =IF(ISNUMBER(G84),G84,"") -> 691.3 | I84: =_xlfn.RANK.EQ(H84,$H$2:$H$1116) -> 227 | J84: 634 | K84: 50 | L84: 24 | M84: 25 | N84: =J84+K84+L84+M84 -> 733 | O84: =IF(ISNUMBER(N84),N84,"") -> 733 | P84: =_xlfn.RANK.EQ(O84,$O$2:$O$1116) -> 24 | Q84: 276 | R84: 48 | S84: 25 | T84: 25 | U84: =Q84+R84+S84+T84 -> 374 | V84: =IF(ISNUMBER(U84),U84,"") -> 374 | W84: =_xlfn.RANK.EQ(V84,$V$2:$V$1116) -> 116 | Y84: =IF(ISNUMBER(X84),X84,"") | Z84: =_xlfn.RANK.EQ(Y84,$Y$2:$Y$1116) -> #VALUE! | AA84: =AB84/3180 -> 0.56550314 | AB84: =C84+D84+E84+F84+J84+K84+L84+M84+Q84+R84+S84+T84+X84 -> 1798.3 | AC84: =IF(ISNUMBER(AB84),AB84,"") -> 1798.3 | AD84: =_xlfn.RANK.EQ(AC84,$AC$2:$AC$1116) -> 107
A85: 174 | B85: احمد وليد ثروت هاشم الاتربى | C85: 613.8 | D85: 25 | E85: 22 | F85: 21 | G85: =C85+D85+E85+F85 -> 681.8 | H85: =IF(ISNUMBER(G85),G85,"") -> 681.8 | I85: =_xlfn.RANK.EQ(H85,$H$2:$H$1116) -> 286 | J85: 606 | K85: 49 | L85: 23 | M85: 25 | N85: =J85+K85+L85+M85 -> 703 | O85: =IF(ISNUMBER(N85),N85,"") -> 703 | P85: =_xlfn.RANK.EQ(O85,$O$2:$O$1116) -> 260 | Q85: 242 | R85: 48.5 | S85: 25 | T85: 25 | U85: =Q85+R85+S85+T85 -> 340.5 | V85: =IF(ISNUMBER(U85),U85,"") -> 340.5 | W85: =_xlfn.RANK.EQ(V85,$V$2:$V$1116) -> 474 | Y85: =IF(ISNUMBER(X85),X85,"") | Z85: =_xlfn.RANK.EQ(Y85,$Y$2:$Y$1116) -> #VALUE! | AA85: =AB85/3180 -> 0.54254717 | AB85: =C85+D85+E85+F85+J85+K85+L85+M85+Q85+R85+S85+T85+X85 -> 1725.3 | AC85: =IF(ISNUMBER(AB85),AB85,"") -> 1725.3 | AD85: =_xlfn.RANK.EQ(AC85,$AC$2:$AC$1116) -> 306
A86: 175 | B86: احمد وليد محمد اللقاني | C86: 543.2 | D86: 24 | E86: 22 | F86: 21 | G86: =C86+D86+E86+F86 -> 610.2 | H86: =IF(ISNUMBER(G86),G86,"") -> 610.2 | I86: =_xlfn.RANK.EQ(H86,$H$2:$H$1116) -> 673 | J86: 495.1 | K86: 47 | L86: 21 | M86: 21 | N86: =J86+K86+L86+M86 -> 584.1 | O86: =IF(ISNUMBER(N86),N86,"") -> 584.1 | P86: =_xlfn.RANK.EQ(O86,$O$2:$O$1116) -> 828 | Q86: 183 | R86: 45.5 | S86: 23 | T86: 24 | U86: =Q86+R86+S86+T86 -> 275.5 | V86: =IF(ISNUMBER(U86),U86,"") -> 275.5 | W86: =_xlfn.RANK.EQ(V86,$V$2:$V$1116) -> 899 | Y86: =IF(ISNUMBER(X86),X86,"") | Z86: =_xlfn.RANK.EQ(Y86,$Y$2:$Y$1116) -> #VALUE! | AA86: =AB86/3180 -> 0.46220126 | AB86: =C86+D86+E86+F86+J86+K86+L86+M86+Q86+R86+S86+T86+X86 -> 1469.8 | AC86: =IF(ISNUMBER(AB86),AB86,"") -> 1469.8 | AD86: =_xlfn.RANK.EQ(AC86,$AC$2:$AC$1116) -> 786
A87: 176 | B87: احمد وليد محمد بكر محمود | C87: 513.3 | D87: 19 | E87: 24 | F87: 20 | G87: =C87+D87+E87+F87 -> 576.3 | H87: =IF(ISNUMBER(G87),G87,"") -> 576.3 | I87: =_xlfn.RANK.EQ(H87,$H$2:$H$1116) -> 777 | J87: 517.1 | K87: 47 | L87: 22 | M87: 22 | N87: =J87+K87+L87+M87 -> 608.1 | O87: =IF(ISNUMBER(N87),N87,"") -> 608.1 | P87: =_xlfn.RANK.EQ(O87,$O$2:$O$1116) -> 770 | Q87: 233 | R87: 45.5 | S87: 25 | T87: 24.5 | U87: =Q87+R87+S87+T87 -> 328 | V87: =IF(ISNUMBER(U87),U87,"") -> 328 | W87: =_xlfn.RANK.EQ(V87,$V$2:$V$1116) -> 578 | Y87: =IF(ISNUMBER(X87),X87,"") | Z87: =_xlfn.RANK.EQ(Y87,$Y$2:$Y$1116) -> #VALUE! | AA87: =AB87/3180 -> 0.47559748 | AB87: =C87+D87+E87+F87+J87+K87+L87+M87+Q87+R87+S87+T87+X87 -> 1512.4 | AC87: =IF(ISNUMBER(AB87),AB87,"") -> 1512.4 | AD87: =_xlfn.RANK.EQ(AC87,$AC$2:$AC$1116) -> 724
A88: 178 | B88: احمد يوسف طايل عبدالعاطى | C88: 429.7 | D88: 10 | E88: 6 | F88: 13 | G88: =C88+D88+E88+F88 -> 458.7 | H88: =IF(ISNUMBER(G88),G88,"") -> 458.7 | I88: =_xlfn.RANK.EQ(H88,$H$2:$H$1116) -> 999 | J88: 390 | K88: 29 | L88: 20 | M88: 12 | N88: =J88+K88+L88+M88 -> 451 | O88: =IF(ISNUMBER(N88),N88,"") -> 451 | P88: =_xlfn.RANK.EQ(O88,$O$2:$O$1116) -> 1024 | Q88: 174.75 | R88: 44 | S88: 25 | T88: 25 | U88: =Q88+R88+S88+T88 -> 268.75 | V88: =IF(ISNUMBER(U88),U88,"") -> 268.75 | W88: =_xlfn.RANK.EQ(V88,$V$2:$V$1116) -> 914 | Y88: =IF(ISNUMBER(X88),X88,"") | Z88: =_xlfn.RANK.EQ(Y88,$Y$2:$Y$1116) -> #VALUE! | AA88: =AB88/3180 -> 0.37058176 | AB88: =C88+D88+E88+F88+J88+K88+L88+M88+Q88+R88+S88+T88+X88 -> 1178.45 | AC88: =IF(ISNUMBER(AB88),AB88,"") -> 1178.45 | AD88: =_xlfn.RANK.EQ(AC88,$AC$2:$AC$1116) -> 969
A89: 182 | B89: ادم احمد زكريا محمد عبدالحميد محفوظ | C89: 549.3 | D89: 20 | E89: 22 | F89: 19 | G89: =C89+D89+E89+F89 -> 610.3 | H89: =IF(ISNUMBER(G89),G89,"") -> 610.3 | I89: =_xlfn.RANK.EQ(H89,$H$2:$H$1116) -> 672 | J89: 539 | K89: 44 | L89: 21 | M89: 23 | N89: =J89+K89+L89+M89 -> 627 | O89: =IF(ISNUMBER(N89),N89,"") -> 627 | P89: =_xlfn.RANK.EQ(O89,$O$2:$O$1116) -> 715 | Q89: 238.5 | R89: 40.5 | S89: 23 | T89: 24 | U89: =Q89+R89+S89+T89 -> 326 | V89: =IF(ISNUMBER(U89),U89,"") -> 326 | W89: =_xlfn.RANK.EQ(V89,$V$2:$V$1116) -> 601 | Y89: =IF(ISNUMBER(X89),X89,"") | Z89: =_xlfn.RANK.EQ(Y89,$Y$2:$Y$1116) -> #VALUE! | AA89: =AB89/3180 -> 0.49160377 | AB89: =C89+D89+E89+F89+J89+K89+L89+M89+Q89+R89+S89+T89+X89 -> 1563.3 | AC89: =IF(ISNUMBER(AB89),AB89,"") -> 1563.3 | AD89: =_xlfn.RANK.EQ(AC89,$AC$2:$AC$1116) -> 652
A90: 183 | B90: ادهم أحمد محمد محمد ماضى | C90: 603.1 | D90: 22 | E90: 24 | F90: 22 | G90: =C90+D90+E90+F90 -> 671.1 | H90: =IF(ISNUMBER(G90),G90,"") -> 671.1 | I90: =_xlfn.RANK.EQ(H90,$H$2:$H$1116) -> 360 | J90: 576.75 | K90: 46 | L90: 22 | M90: 22 | N90: =J90+K90+L90+M90 -> 666.75 | O90: =IF(ISNUMBER(N90),N90,"") -> 666.75 | P90: =_xlfn.RANK.EQ(O90,$O$2:$O$1116) -> 494 | Q90: 245.5 | R90: 40.5 | S90: 23 | T90: 24 | U90: =Q90+R90+S90+T90 -> 333 | V90: =IF(ISNUMBER(U90),U90,"") -> 333 | W90: =_xlfn.RANK.EQ(V90,$V$2:$V$1116) -> 542 | Y90: =IF(ISNUMBER(X90),X90,"") | Z90: =_xlfn.RANK.EQ(Y90,$Y$2:$Y$1116) -> #VALUE! | AA90: =AB90/3180 -> 0.52542453 | AB90: =C90+D90+E90+F90+J90+K90+L90+M90+Q90+R90+S90+T90+X90 -> 1670.85 | AC90: =IF(ISNUMBER(AB90),AB90,"") -> 1670.85 | AD90: =_xlfn.RANK.EQ(AC90,$AC$2:$AC$1116) -> 434
A91: 184 | B91: ادهم طارق هاشم الفولي | C91: 611.3 | D91: 25 | E91: 22 | F91: 20 | G91: =C91+D91+E91+F91 -> 678.3 | H91: =IF(ISNUMBER(G91),G91,"") -> 678.3 | I91: =_xlfn.RANK.EQ(H91,$H$2:$H$1116) -> 309 | J91: 610.25 | K91: 48 | L91: 22 | M91: 23 | N91: =J91+K91+L91+M91 -> 703.25 | O91: =IF(ISNUMBER(N91),N91,"") -> 703.25 | P91: =_xlfn.RANK.EQ(O91,$O$2:$O$1116) -> 259 | Q91: 260.5 | R91: 44.5 | S91: 25 | T91: 25 | U91: =Q91+R91+S91+T91 -> 355 | V91: =IF(ISNUMBER(U91),U91,"") -> 355 | W91: =_xlfn.RANK.EQ(V91,$V$2:$V$1116) -> 313 | Y91: =IF(ISNUMBER(X91),X91,"") | Z91: =_xlfn.RANK.EQ(Y91,$Y$2:$Y$1116) -> #VALUE! | AA91: =AB91/3180 -> 0.54608491 | AB91: =C91+D91+E91+F91+J91+K91+L91+M91+Q91+R91+S91+T91+X91 -> 1736.55 | AC91: =IF(ISNUMBER(AB91),AB91,"") -> 1736.55 | AD91: =_xlfn.RANK.EQ(AC91,$AC$2:$AC$1116) -> 280
A92: 185 | B92: ادهم محمد على مرشدى على عبد الله | C92: 635.1 | D92: 20 | E92: 25 | F92: 23 | G92: =C92+D92+E92+F92 -> 703.1 | H92: =IF(ISNUMBER(G92),G92,"") -> 703.1 | I92: =_xlfn.RANK.EQ(H92,$H$2:$H$1116) -> 151 | J92: 634.25 | K92: 47 | L92: 23 | M92: 24 | N92: =J92+K92+L92+M92 -> 728.25 | O92: =IF(ISNUMBER(N92),N92,"") -> 728.25 | P92: =_xlfn.RANK.EQ(O92,$O$2:$O$1116) -> 62 | Q92: 289 | R92: 48.5 | S92: 25 | T92: 24.5 | U92: =Q92+R92+S92+T92 -> 387 | V92: =IF(ISNUMBER(U92),U92,"") -> 387 | W92: =_xlfn.RANK.EQ(V92,$V$2:$V$1116) -> 18 | Y92: =IF(ISNUMBER(X92),X92,"") | Z92: =_xlfn.RANK.EQ(Y92,$Y$2:$Y$1116) -> #VALUE! | AA92: =AB92/3180 -> 0.57180818 | AB92: =C92+D92+E92+F92+J92+K92+L92+M92+Q92+R92+S92+T92+X92 -> 1818.35 | AC92: =IF(ISNUMBER(AB92),AB92,"") -> 1818.35 | AD92: =_xlfn.RANK.EQ(AC92,$AC$2:$AC$1116) -> 72
... A98: 196 | B98: اسامه امام حسن امام عماره | C98: 649 | D98: 23 | E98: 23 | F98: 22 | G98: =C98+D98+E98+F98 -> 717 | H98: =IF(ISNUMBER(G98),G98,"") -> 717 | I98: =_xlfn.RANK.EQ(H98,$H$2:$H$1116) -> 71 | J98: 636 | K98: 46 | L98: 22 | M98: 22 | N98: =J98+K98+L98+M98 -> 726 | O98: =IF(ISNUMBER(N98),N98,"") -> 726 | P98: =_xlfn.RANK.EQ(O98,$O$2:$O$1116) -> 77 | Q98: 277 | R98: 44.5 | S98: 24 | T98: 25 | U98: =Q98+R98+S98+T98 -> 370.5 | V98: =IF(ISNUMBER(U98),U98,"") -> 370.5 | W98: =_xlfn.RANK.EQ(V98,$V$2:$V$1116) -> 145 | Y98: =IF(ISNUMBER(X98),X98,"") | Z98: =_xlfn.RANK.EQ(Y98,$Y$2:$Y$1116) -> #VALUE! | AA98: =AB98/3180 -> 0.57028302 | AB98: =C98+D98+E98+F98+J98+K98+L98+M98+Q98+R98+S98+T98+X98 -> 1813.5 | AC98: =IF(ISNUMBER(AB98),AB98,"") -> 1813.5 | AD98: =_xlfn.RANK.EQ(AC98,$AC$2:$AC$1116) -> 84
A99: 198 | B99: اسامه حمدالله مصري عوض عبدالرازق | C99: راسب | D99: 22 | E99: 16 | F99: 16 | G99: =C99+D99+E99+F99 -> #VALUE! | H99: =IF(ISNUMBER(G99),G99,"") | I99: =_xlfn.RANK.EQ(H99,$H$2:$H$1116) -> #VALUE! | J99: 396 | K99: 32 | L99: 17 | M99: 14 | N99: =J99+K99+L99+M99 -> 459 | O99: =IF(ISNUMBER(N99),N99,"") -> 459 | P99: =_xlfn.RANK.EQ(O99,$O$2:$O$1116) -> 1020 | Q99: 116 | R99: 20.5 | S99: 16 | T99: 20 | U99: =Q99+R99+S99+T99 -> 172.5 | V99: =IF(ISNUMBER(U99),U99,"") -> 172.5 | W99: =_xlfn.RANK.EQ(V99,$V$2:$V$1116) -> 993 | Y99: =IF(ISNUMBER(X99),X99,"") | Z99: =_xlfn.RANK.EQ(Y99,$Y$2:$Y$1116) -> #VALUE! | AA99: =AB99/3180 -> #VALUE! | AB99: =C99+D99+E99+F99+J99+K99+L99+M99+Q99+R99+S99+T99+X99 -> #VALUE! | AC99: =IF(ISNUMBER(AB99),AB99,"") | AD99: =_xlfn.RANK.EQ(AC99,$AC$2:$AC$1116) -> #VALUE!
A100: 200 | B100: اسامه عبد الناصر جابر محمد البسيونى | C100: 614.1 | D100: 25 | E100: 24 | F100: 21 | G100: =C100+D100+E100+F100 -> 684.1 | H100: =IF(ISNUMBER(G100),G100,"") -> 684.1 | I100: =_xlfn.RANK.EQ(H100,$H$2:$H$1116) -> 270 | J100: 610.75 | K100: 48 | L100: 22 | M100: 23 | N100: =J100+K100+L100+M100 -> 703.75 | O100: =IF(ISNUMBER(N100),N100,"") -> 703.75 | P100: =_xlfn.RANK.EQ(O100,$O$2:$O$1116) -> 252 | Q100: 267 | R100: 49.5 | S100: 24 | T100: 24.5 | U100: =Q100+R100+S100+T100 -> 365 | V100: =IF(ISNUMBER(U100),U100,"") -> 365 | W100: =_xlfn.RANK.EQ(V100,$V$2:$V$1116) -> 214 | Y100: =IF(ISNUMBER(X100),X100,"") | Z100: =_xlfn.RANK.EQ(Y100,$Y$2:$Y$1116) -> #VALUE! | AA100: =AB100/3180 -> 0.55121069 | AB100: =C100+D100+E100+F100+J100+K100+L100+M100+Q100+R100+S100+T100+X100 -> 1752.85 | AC100: =IF(ISNUMBER(AB100),AB100,"") -> 1752.85 | AD100: =_xlfn.RANK.EQ(AC100,$AC$2:$AC$1116) -> 226
A101: 201 | B101: اسامه عبدالسلام رمضان إسماعيل سلامه | C101: 598.2 | D101: 24 | E101: 22 | F101: 23 | G101: =C101+D101+E101+F101 -> 667.2 | H101: =IF(ISNUMBER(G101),G101,"") -> 667.2 | I101: =_xlfn.RANK.EQ(H101,$H$2:$H$1116) -> 377 | J101: 602 | K101: 46 | L101: 25 | M101: 22 | N101: =J101+K101+L101+M101 -> 695 | O101: =IF(ISNUMBER(N101),N101,"") -> 695 | P101: =_xlfn.RANK.EQ(O101,$O$2:$O$1116) -> 319 | Q101: 263 | R101: 47.5 | S101: 22 | T101: 25 | U101: =Q101+R101+S101+T101 -> 357.5 | V101: =IF(ISNUMBER(U101),U101,"") -> 357.5 | W101: =_xlfn.RANK.EQ(V101,$V$2:$V$1116) -> 287 | Y101: =IF(ISNUMBER(X101),X101,"") | Z101: =_xlfn.RANK.EQ(Y101,$Y$2:$Y$1116) -> #VALUE! | AA101: =AB101/3180 -> 0.54078616 | AB101: =C101+D101+E101+F101+J101+K101+L101+M101+Q101+R101+S101+T101+X101 -> 1719.7 | AC101: =IF(ISNUMBER(AB101),AB101,"") -> 1719.7 | AD101: =_xlfn.RANK.EQ(AC101,$AC$2:$AC$1116) -> 327
A102: 205 | B102: اسامه مبروك محمد سويف | C102: 529.4 | D102: 24 | E102: 15 | F102: 20 | G102: =C102+D102+E102+F102 -> 588.4 | H102: =IF(ISNUMBER(G102),G102,"") -> 588.4 | I102: =_xlfn.RANK.EQ(H102,$H$2:$H$1116) -> 744 | J102: 547.5 | K102: 47 | L102: 22 | M102: 14 | N102: =J102+K102+L102+M102 -> 630.5 | O102: =IF(ISNUMBER(N102),N102,"") -> 630.5 | P102: =_xlfn.RANK.EQ(O102,$O$2:$O$1116) -> 696 | Q102: 230 | R102: 42.5 | S102: 23 | T102: 24.5 | U102: =Q102+R102+S102+T102 -> 320 | V102: =IF(ISNUMBER(U102),U102,"") -> 320 | W102: =_xlfn.RANK.EQ(V102,$V$2:$V$1116) -> 654 | Y102: =IF(ISNUMBER(X102),X102,"") | Z102: =_xlfn.RANK.EQ(Y102,$Y$2:$Y$1116) -> #VALUE! | AA102: =AB102/3180 -> 0.48393082 | AB102: =C102+D102+E102+F102+J102+K102+L102+M102+Q102+R102+S102+T102+X102 -> 1538.9 | AC102: =IF(ISNUMBER(AB102),AB102,"") -> 1538.9 | AD102: =_xlfn.RANK.EQ(AC102,$AC$2:$AC$1116) -> 690
A103: 208 | B103: اسامه محمد محمد زى | C103: 641.1 | D103: 25 | E103: 25 | F103: 24 | G103: =C103+D103+E103+F103 -> 715.1 | H103: =IF(ISNUMBER(G103),G103,"") -> 715.1 | I103: =_xlfn.RANK.EQ(H103,$H$2:$H$1116) -> 81 | J103: 631.75 | K103: 49 | L103: 23 | M103: 24 | N103: =J103+K103+L103+M103 -> 727.75 | O103: =IF(ISNUMBER(N103),N103,"") -> 727.75 | P103: =_xlfn.RANK.EQ(O103,$O$2:$O$1116) -> 67 | Q103: 275 | R103: 49 | S103: 24 | T103: 24 | U103: =Q103+R103+S103+T103 -> 372 | V103: =IF(ISNUMBER(U103),U103,"") -> 372 | W103: =_xlfn.RANK.EQ(V103,$V$2:$V$1116) -> 130 | Y103: =IF(ISNUMBER(X103),X103,"") | Z103: =_xlfn.RANK.EQ(Y103,$Y$2:$Y$1116) -> #VALUE! | AA103: =AB103/3180 -> 0.57070755 | AB103: =C103+D103+E103+F103+J103+K103+L103+M103+Q103+R103+S103+T103+X103 -> 1814.85 | AC103: =IF(ISNUMBER(AB103),AB103,"") -> 1814.85 | AD103: =_xlfn.RANK.EQ(AC103,$AC$2:$AC$1116) -> 78
A104: 210 | B104: اسامه محمد مصطفى محمد | C104: 604.9 | D104: 21 | E104: 24 | F104: 22 | G104: =C104+D104+E104+F104 -> 671.9 | H104: =IF(ISNUMBER(G104),G104,"") -> 671.9 | I104: =_xlfn.RANK.EQ(H104,$H$2:$H$1116) -> 351 | J104: 611.75 | K104: 47 | L104: 21 | M104: 22 | N104: =J104+K104+L104+M104 -> 701.75 | O104: =IF(ISNUMBER(N104),N104,"") -> 701.75 | P104: =_xlfn.RANK.EQ(O104,$O$2:$O$1116) -> 273 | Q104: 258.5 | R104: 46.5 | S104: 24 | T104: 24 | U104: =Q104+R104+S104+T104 -> 353 | V104: =IF(ISNUMBER(U104),U104,"") -> 353 | W104: =_xlfn.RANK.EQ(V104,$V$2:$V$1116) -> 337 | Y104: =IF(ISNUMBER(X104),X104,"") | Z104: =_xlfn.RANK.EQ(Y104,$Y$2:$Y$1116) -> #VALUE! | AA104: =AB104/3180 -> 0.5429717 | AB104: =C104+D104+E104+F104+J104+K104+L104+M104+Q104+R104+S104+T104+X104 -> 1726.65 | AC104: =IF(ISNUMBER(AB104),AB104,"") -> 1726.65 | AD104: =_xlfn.RANK.EQ(AC104,$AC$2:$AC$1116) -> 305
A105: 211 | B105: اسر محمد اسامه موسي | C105: 494 | D105: 18 | E105: 19 | F105: 20 | G105: =C105+D105+E105+F105 -> 551 | H105: =IF(ISNUMBER(G105),G105,"") -> 551 | I105: =_xlfn.RANK.EQ(H105,$H$2:$H$1116) -> 851 | J105: 495.25 | K105: 36 | L105: 22 | M105: 15 | N105: =J105+K105+L105+M105 -> 568.25 | O105: =IF(ISNUMBER(N105),N105,"") -> 568.25 | P105: =_xlfn.RANK.EQ(O105,$O$2:$O$1116) -> 866 | Q105: 225 | R105: 31 | S105: 25 | T105: 25 | U105: =Q105+R105+S105+T105 -> 306 | V105: =IF(ISNUMBER(U105),U105,"") -> 306 | W105: =_xlfn.RANK.EQ(V105,$V$2:$V$1116) -> 766 | Y105: =IF(ISNUMBER(X105),X105,"") | Z105: =_xlfn.RANK.EQ(Y105,$Y$2:$Y$1116) -> #VALUE! | AA105: =AB105/3180 -> 0.44819182 | AB105: =C105+D105+E105+F105+J105+K105+L105+M105+Q105+R105+S105+T105+X105 -> 1425.25 | AC105: =IF(ISNUMBER(AB105),AB105,"") -> 1425.25 | AD105: =_xlfn.RANK.EQ(AC105,$AC$2:$AC$1116) -> 836
A106: 212 | B106: اسراء ابراهيم محمد احمد | C106: 558.2 | D106: 24 | E106: 24 | F106: 22 | G106: =C106+D106+E106+F106 -> 628.2 | H106: =IF(ISNUMBER(G106),G106,"") -> 628.2 | I106: =_xlfn.RANK.EQ(H106,$H$2:$H$1116) -> 595 | J106: 513.95 | K106: 37 | L106: 22 | M106: 20 | N106: =J106+K106+L106+M106 -> 592.95 | O106: =IF(ISNUMBER(N106),N106,"") -> 592.95 | P106: =_xlfn.RANK.EQ(O106,$O$2:$O$1116) -> 808 | Q106: 204.5 | R106: 40.5 | S106: 21 | T106: 23 | U106: =Q106+R106+S106+T106 -> 289 | V106: =IF(ISNUMBER(U106),U106,"") -> 289 | W106: =_xlfn.RANK.EQ(V106,$V$2:$V$1116) -> 849 | Y106: =IF(ISNUMBER(X106),X106,"") | Z106: =_xlfn.RANK.EQ(Y106,$Y$2:$Y$1116) -> #VALUE! | AA106: =AB106/3180 -> 0.47488994 | AB106: =C106+D106+E106+F106+J106+K106+L106+M106+Q106+R106+S106+T106+X106 -> 1510.15 | AC106: =IF(ISNUMBER(AB106),AB106,"") -> 1510.15 | AD106: =_xlfn.RANK.EQ(AC106,$AC$2:$AC$1116) -> 728
A107: 215 | B107: اسراء سامح سيف النصر محمود | C107: 542.5 | D107: 20 | E107: 20 | F107: 20 | G107: =C107+D107+E107+F107 -> 602.5 | H107: =IF(ISNUMBER(G107),G107,"") -> 602.5 | I107: =_xlfn.RANK.EQ(H107,$H$2:$H$1116) -> 702 | J107: 566.95 | K107: 44 | L107: 19 | M107: 24 | N107: =J107+K107+L107+M107 -> 653.95 | O107: =IF(ISNUMBER(N107),N107,"") -> 653.95 | P107: =_xlfn.RANK.EQ(O107,$O$2:$O$1116) -> 562 | Q107: 225 | R107: 42 | S107: 22 | T107: 23 | U107: =Q107+R107+S107+T107 -> 312 | V107: =IF(ISNUMBER(U107),U107,"") -> 312 | W107: =_xlfn.RANK.EQ(V107,$V$2:$V$1116) -> 716 | Y107: =IF(ISNUMBER(X107),X107,"") | Z107: =_xlfn.RANK.EQ(Y107,$Y$2:$Y$1116) -> #VALUE! | AA107: =AB107/3180 -> 0.49322327 | AB107: =C107+D107+E107+F107+J107+K107+L107+M107+Q107+R107+S107+T107+X107 -> 1568.45 | AC107: =IF(ISNUMBER(AB107),AB107,"") -> 1568.45 | AD107: =_xlfn.RANK.EQ(AC107,$AC$2:$AC$1116) -> 647
A108: 216 | B108: اسراء سامي السيد رمضان عبد الموجود | C108: #N/A | F108: 24 | G108: =C108+D108+E108+F108 -> #N/A | H108: =IF(ISNUMBER(G108),G108,"") | I108: =_xlfn.RANK.EQ(H108,$H$2:$H$1116) -> #VALUE! | J108: 608.05 | K108: 42 | L108: 22 | M108: 22 | N108: =J108+K108+L108+M108 -> 694.05 | O108: =IF(ISNUMBER(N108),N108,"") -> 694.05 | P108: =_xlfn.RANK.EQ(O108,$O$2:$O$1116) -> 329 | Q108: 264.5 | R108: 44 | S108: 21 | T108: 24 | U108: =Q108+R108+S108+T108 -> 353.5 | V108: =IF(ISNUMBER(U108),U108,"") -> 353.5 | W108: =_xlfn.RANK.EQ(V108,$V$2:$V$1116) -> 325 | Y108: =IF(ISNUMBER(X108),X108,"") | Z108: =_xlfn.RANK.EQ(Y108,$Y$2:$Y$1116) -> #VALUE! | AA108: =AB108/3180 -> #N/A | AB108: =C108+D108+E108+F108+J108+K108+L108+M108+Q108+R108+S108+T108+X108 -> #N/A | AC108: =IF(ISNUMBER(AB108),AB108,"") | AD108: =_xlfn.RANK.EQ(AC108,$AC$2:$AC$1116) -> #VALUE!
A109: 217 | B109: اسراء عادل خميس عبد المحسن محمود | C109: 478.2 | D109: 24 | E109: 22 | F109: 21 | G109: =C109+D109+E109+F109 -> 545.2 | H109: =IF(ISNUMBER(G109),G109,"") -> 545.2 | I109: =_xlfn.RANK.EQ(H109,$H$2:$H$1116) -> 866 | J109: 479.9 | K109: 47 | L109: 24 | M109: 20 | N109: =J109+K109+L109+M109 -> 570.9 | O109: =IF(ISNUMBER(N109),N109,"") -> 570.9 | P109: =_xlfn.RANK.EQ(O109,$O$2:$O$1116) -> 860 | Q109: 202.5 | R109: 46.5 | S109: 25 | T109: 24 | U109: =Q109+R109+S109+T109 -> 298 | V109: =IF(ISNUMBER(U109),U109,"") -> 298 | W109: =_xlfn.RANK.EQ(V109,$V$2:$V$1116) -> 805 | Y109: =IF(ISNUMBER(X109),X109,"") | Z109: =_xlfn.RANK.EQ(Y109,$Y$2:$Y$1116) -> #VALUE! | AA109: =AB109/3180 -> 0.44468553 | AB109: =C109+D109+E109+F109+J109+K109+L109+M109+Q109+R109+S109+T109+X109 -> 1414.1 | AC109: =IF(ISNUMBER(AB109),AB109,"") -> 1414.1 | AD109: =_xlfn.RANK.EQ(AC109,$AC$2:$AC$1116) -> 841
A110: 219 | B110: اسراء محمد عبدالعال بسيونى | C110: 540.5 | D110: 21 | E110: 19 | F110: 19 | G110: =C110+D110+E110+F110 -> 599.5 | H110: =IF(ISNUMBER(G110),G110,"") -> 599.5 | I110: =_xlfn.RANK.EQ(H110,$H$2:$H$1116) -> 708 | J110: 528.5 | K110: 42 | L110: 20 | M110: 18 | N110: =J110+K110+L110+M110 -> 608.5 | O110: =IF(ISNUMBER(N110),N110,"") -> 608.5 | P110: =_xlfn.RANK.EQ(O110,$O$2:$O$1116) -> 768 | Q110: 207 | R110: 34.5 | S110: 20 | T110: 24 | U110: =Q110+R110+S110+T110 -> 285.5 | V110: =IF(ISNUMBER(U110),U110,"") -> 285.5 | W110: =_xlfn.RANK.EQ(V110,$V$2:$V$1116) -> 867 | Y110: =IF(ISNUMBER(X110),X110,"") | Z110: =_xlfn.RANK.EQ(Y110,$Y$2:$Y$1116) -> #VALUE! | AA110: =AB110/3180 -> 0.46965409 | AB110: =C110+D110+E110+F110+J110+K110+L110+M110+Q110+R110+S110+T110+X110 -> 1493.5 | AC110: =IF(ISNUMBER(AB110),AB110,"") -> 1493.5 | AD110: =_xlfn.RANK.EQ(AC110,$AC$2:$AC$1116) -> 746
A111: 220 | B111: اسراء محمد فتحي حامد القفاص | C111: 498.3 | D111: 24 | E111: 25 | F111: 25 | G111: =C111+D111+E111+F111 -> 572.3 | H111: =IF(ISNUMBER(G111),G111,"") -> 572.3 | I111: =_xlfn.RANK.EQ(H111,$H$2:$H$1116) -> 792 | J111: 470.2 | K111: 47 | L111: 20 | M111: 22 | N111: =J111+K111+L111+M111 -> 559.2 | O111: =IF(ISNUMBER(N111),N111,"") -> 559.2 | P111: =_xlfn.RANK.EQ(O111,$O$2:$O$1116) -> 884 | Q111: 230 | R111: 48 | S111: 25 | T111: 25 | U111: =Q111+R111+S111+T111 -> 328 | V111: =IF(ISNUMBER(U111),U111,"") -> 328 | W111: =_xlfn.RANK.EQ(V111,$V$2:$V$1116) -> 578 | Y111: =IF(ISNUMBER(X111),X111,"") | Z111: =_xlfn.RANK.EQ(Y111,$Y$2:$Y$1116) -> #VALUE! | AA111: =AB111/3180 -> 0.45896226 | AB111: =C111+D111+E111+F111+J111+K111+L111+M111+Q111+R111+S111+T111+X111 -> 1459.5 | AC111: =IF(ISNUMBER(AB111),AB111,"") -> 1459.5 | AD111: =_xlfn.RANK.EQ(AC111,$AC$2:$AC$1116) -> 803
A112: 221 | B112: اسراء ناجى عبد الكريم سكران | C112: 578.9 | D112: 24 | E112: 21 | F112: 18 | G112: =C112+D112+E112+F112 -> 641.9 | H112: =IF(ISNUMBER(G112),G112,"") -> 641.9 | I112: =_xlfn.RANK.EQ(H112,$H$2:$H$1116) -> 522 | J112: 556.15 | K112: 44 | L112: 20 | M112: 22 | N112: =J112+K112+L112+M112 -> 642.15 | O112: =IF(ISNUMBER(N112),N112,"") -> 642.15 | P112: =_xlfn.RANK.EQ(O112,$O$2:$O$1116) -> 633 | Q112: 225.5 | R112: 44 | S112: 21 | T112: 24 | U112: =Q112+R112+S112+T112 -> 314.5 | V112: =IF(ISNUMBER(U112),U112,"") -> 314.5 | W112: =_xlfn.RANK.EQ(V112,$V$2:$V$1116) -> 695 | Y112: =IF(ISNUMBER(X112),X112,"") | Z112: =_xlfn.RANK.EQ(Y112,$Y$2:$Y$1116) -> #VALUE! | AA112: =AB112/3180 -> 0.50268868 | AB112: =C112+D112+E112+F112+J112+K112+L112+M112+Q112+R112+S112+T112+X112 -> 1598.55 | AC112: =IF(ISNUMBER(AB112),AB112,"") -> 1598.55 | AD112: =_xlfn.RANK.EQ(AC112,$AC$2:$AC$1116) -> 589
A113: 223 | B113: اسلام احمد سعيد عبدالرازق عبدالحق | C113: 563.5 | D113: 23 | E113: 24 | F113: 22 | G113: =C113+D113+E113+F113 -> 632.5 | H113: =IF(ISNUMBER(G113),G113,"") -> 632.5 | I113: =_xlfn.RANK.EQ(H113,$H$2:$H$1116) -> 576 | J113: 557.05 | K113: 45 | L113: 22 | M113: 22 | N113: =J113+K113+L113+M113 -> 646.05 | O113: =IF(ISNUMBER(N113),N113,"") -> 646.05 | P113: =_xlfn.RANK.EQ(O113,$O$2:$O$1116) -> 604 | Q113: 208.5 | R113: 40 | S113: 22 | T113: 24.5 | U113: =Q113+R113+S113+T113 -> 295 | V113: =IF(ISNUMBER(U113),U113,"") -> 295 | W113: =_xlfn.RANK.EQ(V113,$V$2:$V$1116) -> 822 | Y113: =IF(ISNUMBER(X113),X113,"") | Z113: =_xlfn.RANK.EQ(Y113,$Y$2:$Y$1116) -> #VALUE! | AA113: =AB113/3180 -> 0.49482704 | AB113: =C113+D113+E113+F113+J113+K113+L113+M113+Q113+R113+S113+T113+X113 -> 1573.55 | AC113: =IF(ISNUMBER(AB113),AB113,"") -> 1573.55 | AD113: =_xlfn.RANK.EQ(AC113,$AC$2:$AC$1116) -> 638
A114: 225 | B114: اسلام حمدي محمد محمد قريطم | C114: 589.2 | D114: 24 | E114: 22 | F114: 18 | G114: =C114+D114+E114+F114 -> 653.2 | H114: =IF(ISNUMBER(G114),G114,"") -> 653.2 | I114: =_xlfn.RANK.EQ(H114,$H$2:$H$1116) -> 462 | J114: 524.8 | K114: 36 | L114: 19 | M114: 17 | N114: =J114+K114+L114+M114 -> 596.8 | O114: =IF(ISNUMBER(N114),N114,"") -> 596.8 | P114: =_xlfn.RANK.EQ(O114,$O$2:$O$1116) -> 798 | Q114: 164.5 | R114: 37.5 | S114: 23 | T114: 21.5 | U114: =Q114+R114+S114+T114 -> 246.5 | V114: =IF(ISNUMBER(U114),U114,"") -> 246.5 | W114: =_xlfn.RANK.EQ(V114,$V$2:$V$1116) -> 954 | Y114: =IF(ISNUMBER(X114),X114,"") | Z114: =_xlfn.RANK.EQ(Y114,$Y$2:$Y$1116) -> #VALUE! | AA114: =AB114/3180 -> 0.47059748 | AB114: =C114+D114+E114+F114+J114+K114+L114+M114+Q114+R114+S114+T114+X114 -> 1496.5 | AC114: =IF(ISNUMBER(AB114),AB114,"") -> 1496.5 | AD114: =_xlfn.RANK.EQ(AC114,$AC$2:$AC$1116) -> 744
A115: 227 | B115: اسلام عاطف عبدالرازق عبدالرؤف | C115: 634 | D115: 25 | E115: 23 | F115: 22 | G115: =C115+D115+E115+F115 -> 704 | H115: =IF(ISNUMBER(G115),G115,"") -> 704 | I115: =_xlfn.RANK.EQ(H115,$H$2:$H$1116) -> 143 | J115: 626.5 | K115: 48 | L115: 21 | M115: 24 | N115: =J115+K115+L115+M115 -> 719.5 | O115: =IF(ISNUMBER(N115),N115,"") -> 719.5 | P115: =_xlfn.RANK.EQ(O115,$O$2:$O$1116) -> 121 | Q115: 272.5 | R115: 47 | S115: 24 | T115: 25 | U115: =Q115+R115+S115+T115 -> 368.5 | V115: =IF(ISNUMBER(U115),U115,"") -> 368.5 | W115: =_xlfn.RANK.EQ(V115,$V$2:$V$1116) -> 170 | Y115: =IF(ISNUMBER(X115),X115,"") | Z115: =_xlfn.RANK.EQ(Y115,$Y$2:$Y$1116) -> #VALUE! | AA115: =AB115/3180 -> 0.56352201 | AB115: =C115+D115+E115+F115+J115+K115+L115+M115+Q115+R115+S115+T115+X115 -> 1792 | AC115: =IF(ISNUMBER(AB115),AB115,"") -> 1792 | AD115: =_xlfn.RANK.EQ(AC115,$AC$2:$AC$1116) -> 128
A116: 228 | B116: اسلام عبد السلام زكى عبد العاطى | C116: 645.5 | D116: 25 | E116: 25 | F116: 23 | G116: =C116+D116+E116+F116 -> 718.5 | H116: =IF(ISNUMBER(G116),G116,"") -> 718.5 | I116: =_xlfn.RANK.EQ(H116,$H$2:$H$1116) -> 66 | J116: 625.5 | K116: 48 | L116: 22 | M116: 23 | N116: =J116+K116+L116+M116 -> 718.5 | O116: =IF(ISNUMBER(N116),N116,"") -> 718.5 | P116: =_xlfn.RANK.EQ(O116,$O$2:$O$1116) -> 127 | Q116: 267 | R116: 48 | S116: 25 | T116: 17 | U116: =Q116+R116+S116+T116 -> 357 | V116: =IF(ISNUMBER(U116),U116,"") -> 357 | W116: =_xlfn.RANK.EQ(V116,$V$2:$V$1116) -> 293 | Y116: =IF(ISNUMBER(X116),X116,"") | Z116: =_xlfn.RANK.EQ(Y116,$Y$2:$Y$1116) -> #VALUE! | AA116: =AB116/3180 -> 0.56415094 | AB116: =C116+D116+E116+F116+J116+K116+L116+M116+Q116+R116+S116+T116+X116 -> 1794 | AC116: =IF(ISNUMBER(AB116),AB116,"") -> 1794 | AD116: =_xlfn.RANK.EQ(AC116,$AC$2:$AC$1116) -> 122
A117: 229 | B117: اسلام محمد صلاح الدين عبد القوي | C117: 629.6 | D117: 25 | E117: 23 | F117: 22 | G117: =C117+D117+E117+F117 -> 699.6 | H117: =IF(ISNUMBER(G117),G117,"") -> 699.6 | I117: =_xlfn.RANK.EQ(H117,$H$2:$H$1116) -> 175 | J117: 566 | K117: 40 | L117: 19 | M117: 21 | N117: =J117+K117+L117+M117 -> 646 | O117: =IF(ISNUMBER(N117),N117,"") -> 646 | P117: =_xlfn.RANK.EQ(O117,$O$2:$O$1116) -> 605 | Q117: 212 | R117: 32 | S117: 22 | T117: 14.5 | U117: =Q117+R117+S117+T117 -> 280.5 | V117: =IF(ISNUMBER(U117),U117,"") -> 280.5 | W117: =_xlfn.RANK.EQ(V117,$V$2:$V$1116) -> 884 | Y117: =IF(ISNUMBER(X117),X117,"") | Z117: =_xlfn.RANK.EQ(Y117,$Y$2:$Y$1116) -> #VALUE! | AA117: =AB117/3180 -> 0.5113522 | AB117: =C117+D117+E117+F117+J117+K117+L117+M117+Q117+R117+S117+T117+X117 -> 1626.1 | AC117: =IF(ISNUMBER(AB117),AB117,"") -> 1626.1 | AD117: =_xlfn.RANK.EQ(AC117,$AC$2:$AC$1116) -> 538
A118: 231 | B118: اسماء اشرف حسن محمد خضير | C118: 492.5 | D118: 20 | E118: 22 | F118: 21 | G118: =C118+D118+E118+F118 -> 555.5 | H118: =IF(ISNUMBER(G118),G118,"") -> 555.5 | I118: =_xlfn.RANK.EQ(H118,$H$2:$H$1116) -> 832 | J118: 543 | K118: 41 | L118: 21 | M118: 21 | N118: =J118+K118+L118+M118 -> 626 | O118: =IF(ISNUMBER(N118),N118,"") -> 626 | P118: =_xlfn.RANK.EQ(O118,$O$2:$O$1116) -> 718 | Q118: 213 | R118: 45.5 | S118: 21 | T118: 22.5 | U118: =Q118+R118+S118+T118 -> 302 | V118: =IF(ISNUMBER(U118),U118,"") -> 302 | W118: =_xlfn.RANK.EQ(V118,$V$2:$V$1116) -> 787 | Y118: =IF(ISNUMBER(X118),X118,"") | Z118: =_xlfn.RANK.EQ(Y118,$Y$2:$Y$1116) -> #VALUE! | AA118: =AB118/3180 -> 0.46650943 | AB118: =C118+D118+E118+F118+J118+K118+L118+M118+Q118+R118+S118+T118+X118 -> 1483.5 | AC118: =IF(ISNUMBER(AB118),AB118,"") -> 1483.5 | AD118: =_xlfn.RANK.EQ(AC118,$AC$2:$AC$1116) -> 763
...
