Workbook

Sheet Sheet3
A1: ID | D1: 2 | G1: 3 | H1: 4
A2: 4 | B2: =Sheet1!C2+Sheet1!D2+Sheet1!E2+Sheet1!F2+Sheet1!J2+Sheet1!K2+Sheet1!L2+Sheet1!M2 | C2: =IF(ISNUMBER(B2),B2,"") | D2: =IF(ISNUMBER(C2),_xlfn.RANK.EQ(C2,$C$2:$C$1031),"") | E2: =Sheet1!C2+Sheet1!D2+Sheet1!E2+Sheet1!F2+Sheet1!J2+Sheet1!K2+Sheet1!L2+Sheet1!M2+Sheet1!Q2+Sheet1!R2+Sheet1!S2+Sheet1!T2 | F2: =IF(ISNUMBER(E2),E2,"") | G2: =IF(ISNUMBER(F2),_xlfn.RANK.EQ(F2,$F$2:$F$1031),"") | H2: =INDEX(Sheet1!AH:AH,MATCH(A2,Sheet1!A:A,0))
A3: 6 | B3: =Sheet1!C3+Sheet1!D3+Sheet1!E3+Sheet1!F3+Sheet1!J3+Sheet1!K3+Sheet1!L3+Sheet1!M3 | C3: =IF(ISNUMBER(B3),B3,"") | D3: =IF(ISNUMBER(C3),_xlfn.RANK.EQ(C3,$C$2:$C$1031),"") | E3: =Sheet1!C3+Sheet1!D3+Sheet1!E3+Sheet1!F3+Sheet1!J3+Sheet1!K3+Sheet1!L3+Sheet1!M3+Sheet1!Q3+Sheet1!R3+Sheet1!S3+Sheet1!T3 | F3: =IF(ISNUMBER(E3),E3,"") | G3: =IF(ISNUMBER(F3),_xlfn.RANK.EQ(F3,$F$2:$F$1031),"") | H3: =INDEX(Sheet1!AH:AH,MATCH(A3,Sheet1!A:A,0))
A4: 9 | B4: =Sheet1!C4+Sheet1!D4+Sheet1!E4+Sheet1!F4+Sheet1!J4+Sheet1!K4+Sheet1!L4+Sheet1!M4 | C4: =IF(ISNUMBER(B4),B4,"") | D4: =IF(ISNUMBER(C4),_xlfn.RANK.EQ(C4,$C$2:$C$1031),"") | E4: =Sheet1!C4+Sheet1!D4+Sheet1!E4+Sheet1!F4+Sheet1!J4+Sheet1!K4+Sheet1!L4+Sheet1!M4+Sheet1!Q4+Sheet1!R4+Sheet1!S4+Sheet1!T4 | F4: =IF(ISNUMBER(E4),E4,"") | G4: =IF(ISNUMBER(F4),_xlfn.RANK.EQ(F4,$F$2:$F$1031),"") | H4: =INDEX(Sheet1!AH:AH,MATCH(A4,Sheet1!A:A,0))
A5: 13 | B5: =Sheet1!C5+Sheet1!D5+Sheet1!E5+Sheet1!F5+Sheet1!J5+Sheet1!K5+Sheet1!L5+Sheet1!M5 | C5: =IF(ISNUMBER(B5),B5,"") | D5: =IF(ISNUMBER(C5),_xlfn.RANK.EQ(C5,$C$2:$C$1031),"") | E5: =Sheet1!C5+Sheet1!D5+Sheet1!E5+Sheet1!F5+Sheet1!J5+Sheet1!K5+Sheet1!L5+Sheet1!M5+Sheet1!Q5+Sheet1!R5+Sheet1!S5+Sheet1!T5 | F5: =IF(ISNUMBER(E5),E5,"") | G5: =IF(ISNUMBER(F5),_xlfn.RANK.EQ(F5,$F$2:$F$1031),"") | H5: =INDEX(Sheet1!AH:AH,MATCH(A5,Sheet1!A:A,0))
A6: 15 | B6: =Sheet1!C6+Sheet1!D6+Sheet1!E6+Sheet1!F6+Sheet1!J6+Sheet1!K6+Sheet1!L6+Sheet1!M6 | C6: =IF(ISNUMBER(B6),B6,"") | D6: =IF(ISNUMBER(C6),_xlfn.RANK.EQ(C6,$C$2:$C$1031),"") | E6: =Sheet1!C6+Sheet1!D6+Sheet1!E6+Sheet1!F6+Sheet1!J6+Sheet1!K6+Sheet1!L6+Sheet1!M6+Sheet1!Q6+Sheet1!R6+Sheet1!S6+Sheet1!T6 | F6: =IF(ISNUMBER(E6),E6,"") | G6: =IF(ISNUMBER(F6),_xlfn.RANK.EQ(F6,$F$2:$F$1031),"") | H6: =INDEX(Sheet1!AH:AH,MATCH(A6,Sheet1!A:A,0))
A7: 31 | B7: =Sheet1!C7+Sheet1!D7+Sheet1!E7+Sheet1!F7+Sheet1!J7+Sheet1!K7+Sheet1!L7+Sheet1!M7 | C7: =IF(ISNUMBER(B7),B7,"") | D7: =IF(ISNUMBER(C7),_xlfn.RANK.EQ(C7,$C$2:$C$1031),"") | E7: =Sheet1!C7+Sheet1!D7+Sheet1!E7+Sheet1!F7+Sheet1!J7+Sheet1!K7+Sheet1!L7+Sheet1!M7+Sheet1!Q7+Sheet1!R7+Sheet1!S7+Sheet1!T7 | F7: =IF(ISNUMBER(E7),E7,"") | G7: =IF(ISNUMBER(F7),_xlfn.RANK.EQ(F7,$F$2:$F$1031),"") | H7: =INDEX(Sheet1!AH:AH,MATCH(A7,Sheet1!A:A,0))
A8: 32 | B8: =Sheet1!C8+Sheet1!D8+Sheet1!E8+Sheet1!F8+Sheet1!J8+Sheet1!K8+Sheet1!L8+Sheet1!M8 | C8: =IF(ISNUMBER(B8),B8,"") | D8: =IF(ISNUMBER(C8),_xlfn.RANK.EQ(C8,$C$2:$C$1031),"") | E8: =Sheet1!C8+Sheet1!D8+Sheet1!E8+Sheet1!F8+Sheet1!J8+Sheet1!K8+Sheet1!L8+Sheet1!M8+Sheet1!Q8+Sheet1!R8+Sheet1!S8+Sheet1!T8 | F8: =IF(ISNUMBER(E8),E8,"") | G8: =IF(ISNUMBER(F8),_xlfn.RANK.EQ(F8,$F$2:$F$1031),"") | H8: =INDEX(Sheet1!AH:AH,MATCH(A8,Sheet1!A:A,0))
A9: 34 | B9: =Sheet1!C9+Sheet1!D9+Sheet1!E9+Sheet1!F9+Sheet1!J9+Sheet1!K9+Sheet1!L9+Sheet1!M9 | C9: =IF(ISNUMBER(B9),B9,"") | D9: =IF(ISNUMBER(C9),_xlfn.RANK.EQ(C9,$C$2:$C$1031),"") | E9: =Sheet1!C9+Sheet1!D9+Sheet1!E9+Sheet1!F9+Sheet1!J9+Sheet1!K9+Sheet1!L9+Sheet1!M9+Sheet1!Q9+Sheet1!R9+Sheet1!S9+Sheet1!T9 | F9: =IF(ISNUMBER(E9),E9,"") | G9: =IF(ISNUMBER(F9),_xlfn.RANK.EQ(F9,$F$2:$F$1031),"") | H9: =INDEX(Sheet1!AH:AH,MATCH(A9,Sheet1!A:A,0))
A10: 35 | B10: =Sheet1!C10+Sheet1!D10+Sheet1!E10+Sheet1!F10+Sheet1!J10+Sheet1!K10+Sheet1!L10+Sheet1!M10 | C10: =IF(ISNUMBER(B10),B10,"") | D10: =IF(ISNUMBER(C10),_xlfn.RANK.EQ(C10,$C$2:$C$1031),"") | E10: =Sheet1!C10+Sheet1!D10+Sheet1!E10+Sheet1!F10+Sheet1!J10+Sheet1!K10+Sheet1!L10+Sheet1!M10+Sheet1!Q10+Sheet1!R10+Sheet1!S10+Sheet1!T10 | F10: =IF(ISNUMBER(E10),E10,"") | G10: =IF(ISNUMBER(F10),_xlfn.RANK.EQ(F10,$F$2:$F$1031),"") | H10: =INDEX(Sheet1!AH:AH,MATCH(A10,Sheet1!A:A,0))
A11: 37 | B11: =Sheet1!C11+Sheet1!D11+Sheet1!E11+Sheet1!F11+Sheet1!J11+Sheet1!K11+Sheet1!L11+Sheet1!M11 | C11: =IF(ISNUMBER(B11),B11,"") | D11: =IF(ISNUMBER(C11),_xlfn.RANK.EQ(C11,$C$2:$C$1031),"") | E11: =Sheet1!C11+Sheet1!D11+Sheet1!E11+Sheet1!F11+Sheet1!J11+Sheet1!K11+Sheet1!L11+Sheet1!M11+Sheet1!Q11+Sheet1!R11+Sheet1!S11+Sheet1!T11 | F11: =IF(ISNUMBER(E11),E11,"") | G11: =IF(ISNUMBER(F11),_xlfn.RANK.EQ(F11,$F$2:$F$1031),"") | H11: =INDEX(Sheet1!AH:AH,MATCH(A11,Sheet1!A:A,0))
A12: 38 | B12: =Sheet1!C12+Sheet1!D12+Sheet1!E12+Sheet1!F12+Sheet1!J12+Sheet1!K12+Sheet1!L12+Sheet1!M12 | C12: =IF(ISNUMBER(B12),B12,"") | D12: =IF(ISNUMBER(C12),_xlfn.RANK.EQ(C12,$C$2:$C$1031),"") | E12: =Sheet1!C12+Sheet1!D12+Sheet1!E12+Sheet1!F12+Sheet1!J12+Sheet1!K12+Sheet1!L12+Sheet1!M12+Sheet1!Q12+Sheet1!R12+Sheet1!S12+Sheet1!T12 | F12: =IF(ISNUMBER(E12),E12,"") | G12: =IF(ISNUMBER(F12),_xlfn.RANK.EQ(F12,$F$2:$F$1031),"") | H12: =INDEX(Sheet1!AH:AH,MATCH(A12,Sheet1!A:A,0))
A13: 39 | B13: =Sheet1!C13+Sheet1!D13+Sheet1!E13+Sheet1!F13+Sheet1!J13+Sheet1!K13+Sheet1!L13+Sheet1!M13 | C13: =IF(ISNUMBER(B13),B13,"") | D13: =IF(ISNUMBER(C13),_xlfn.RANK.EQ(C13,$C$2:$C$1031),"") | E13: =Sheet1!C13+Sheet1!D13+Sheet1!E13+Sheet1!F13+Sheet1!J13+Sheet1!K13+Sheet1!L13+Sheet1!M13+Sheet1!Q13+Sheet1!R13+Sheet1!S13+Sheet1!T13 | F13: =IF(ISNUMBER(E13),E13,"") | G13: =IF(ISNUMBER(F13),_xlfn.RANK.EQ(F13,$F$2:$F$1031),"") | H13: =INDEX(Sheet1!AH:AH,MATCH(A13,Sheet1!A:A,0))
... A1031: 2603 | B1031: =Sheet1!C1031+Sheet1!D1031+Sheet1!E1031+Sheet1!F1031+Sheet1!J1031+Sheet1!K1031+Sheet1!L1031+Sheet1!M1031 | C1031: =IF(ISNUMBER(B1031),B1031,"") | D1031: =IF(ISNUMBER(C1031),_xlfn.RANK.EQ(C1031,$C$2:$C$1031),"") | E1031: =Sheet1!C1031+Sheet1!D1031+Sheet1!E1031+Sheet1!F1031+Sheet1!J1031+Sheet1!K1031+Sheet1!L1031+Sheet1!M1031+Sheet1!Q1031+Sheet1!R1031+Sheet1!S1031+Sheet1!T1031 | F1031: =IF(ISNUMBER(E1031),E1031,"") | G1031: =IF(ISNUMBER(F1031),_xlfn.RANK.EQ(F1031,$F$2:$F$1031),"") | H1031: =INDEX(Sheet1!AH:AH,MATCH(A1031,Sheet1!A:A,0))

Sheet Sheet2
A1: ID | B1: FIRST YEAR RANK | C1: SECOND YEAR RANK C | D1: THIRD YEAR RANK C | E1: FOURTH YEAR RANK C
A2: 4 | B2: =IFERROR(INDEX(Sheet1!I:I,MATCH(A2,Sheet1!A:A,0)),"") | C2: =IFERROR(INDEX(Sheet3!D:D,MATCH(A2,Sheet3!A:A,0)),"") | D2: =IFERROR(INDEX(Sheet3!G:G,MATCH(A2,Sheet3!A:A,0)),"") | E2: =IFERROR(INDEX(Sheet3!H:H,MATCH(A2,Sheet3!A:A,0)),"")
A3: 6 | B3: =IFERROR(INDEX(Sheet1!I:I,MATCH(A3,Sheet1!A:A,0)),"") | C3: =IFERROR(INDEX(Sheet3!D:D,MATCH(A3,Sheet3!A:A,0)),"") | D3: =IFERROR(INDEX(Sheet3!G:G,MATCH(A3,Sheet3!A:A,0)),"") | E3: =IFERROR(INDEX(Sheet3!H:H,MATCH(A3,Sheet3!A:A,0)),"")
A4: 9 | B4: =IFERROR(INDEX(Sheet1!I:I,MATCH(A4,Sheet1!A:A,0)),"") | C4: =IFERROR(INDEX(Sheet3!D:D,MATCH(A4,Sheet3!A:A,0)),"") | D4: =IFERROR(INDEX(Sheet3!G:G,MATCH(A4,Sheet3!A:A,0)),"") | E4: =IFERROR(INDEX(Sheet3!H:H,MATCH(A4,Sheet3!A:A,0)),"")
A5: 13 | B5: =IFERROR(INDEX(Sheet1!I:I,MATCH(A5,Sheet1!A:A,0)),"") | C5: =IFERROR(INDEX(Sheet3!D:D,MATCH(A5,Sheet3!A:A,0)),"") | D5: =IFERROR(INDEX(Sheet3!G:G,MATCH(A5,Sheet3!A:A,0)),"") | E5: =IFERROR(INDEX(Sheet3!H:H,MATCH(A5,Sheet3!A:A,0)),"")
A6: 15 | B6: =IFERROR(INDEX(Sheet1!I:I,MATCH(A6,Sheet1!A:A,0)),"") | C6: =IFERROR(INDEX(Sheet3!D:D,MATCH(A6,Sheet3!A:A,0)),"") | D6: =IFERROR(INDEX(Sheet3!G:G,MATCH(A6,Sheet3!A:A,0)),"") | E6: =IFERROR(INDEX(Sheet3!H:H,MATCH(A6,Sheet3!A:A,0)),"")
A7: 31 | B7: =IFERROR(INDEX(Sheet1!I:I,MATCH(A7,Sheet1!A:A,0)),"") | C7: =IFERROR(INDEX(Sheet3!D:D,MATCH(A7,Sheet3!A:A,0)),"") | D7: =IFERROR(INDEX(Sheet3!G:G,MATCH(A7,Sheet3!A:A,0)),"") | E7: =IFERROR(INDEX(Sheet3!H:H,MATCH(A7,Sheet3!A:A,0)),"")
A8: 32 | B8: =IFERROR(INDEX(Sheet1!I:I,MATCH(A8,Sheet1!A:A,0)),"") | C8: =IFERROR(INDEX(Sheet3!D:D,MATCH(A8,Sheet3!A:A,0)),"") | D8: =IFERROR(INDEX(Sheet3!G:G,MATCH(A8,Sheet3!A:A,0)),"") | E8: =IFERROR(INDEX(Sheet3!H:H,MATCH(A8,Sheet3!A:A,0)),"")
A9: 34 | B9: =IFERROR(INDEX(Sheet1!I:I,MATCH(A9,Sheet1!A:A,0)),"") | C9: =IFERROR(INDEX(Sheet3!D:D,MATCH(A9,Sheet3!A:A,0)),"") | D9: =IFERROR(INDEX(Sheet3!G:G,MATCH(A9,Sheet3!A:A,0)),"") | E9: =IFERROR(INDEX(Sheet3!H:H,MATCH(A9,Sheet3!A:A,0)),"")
A10: 35 | B10: =IFERROR(INDEX(Sheet1!I:I,MATCH(A10,Sheet1!A:A,0)),"") | C10: =IFERROR(INDEX(Sheet3!D:D,MATCH(A10,Sheet3!A:A,0)),"") | D10: =IFERROR(INDEX(Sheet3!G:G,MATCH(A10,Sheet3!A:A,0)),"") | E10: =IFERROR(INDEX(Sheet3!H:H,MATCH(A10,Sheet3!A:A,0)),"")
A11: 37 | B11: =IFERROR(INDEX(Sheet1!I:I,MATCH(A11,Sheet1!A:A,0)),"") | C11: =IFERROR(INDEX(Sheet3!D:D,MATCH(A11,Sheet3!A:A,0)),"") | D11: =IFERROR(INDEX(Sheet3!G:G,MATCH(A11,Sheet3!A:A,0)),"") | E11: =IFERROR(INDEX(Sheet3!H:H,MATCH(A11,Sheet3!A:A,0)),"")
A12: 38 | B12: =IFERROR(INDEX(Sheet1!I:I,MATCH(A12,Sheet1!A:A,0)),"") | C12: =IFERROR(INDEX(Sheet3!D:D,MATCH(A12,Sheet3!A:A,0)),"") | D12: =IFERROR(INDEX(Sheet3!G:G,MATCH(A12,Sheet3!A:A,0)),"") | E12: =IFERROR(INDEX(Sheet3!H:H,MATCH(A12,Sheet3!A:A,0)),"")
A13: 39 | B13: =IFERROR(INDEX(Sheet1!I:I,MATCH(A13,Sheet1!A:A,0)),"") | C13: =IFERROR(INDEX(Sheet3!D:D,MATCH(A13,Sheet3!A:A,0)),"") | D13: =IFERROR(INDEX(Sheet3!G:G,MATCH(A13,Sheet3!A:A,0)),"") | E13: =IFERROR(INDEX(Sheet3!H:H,MATCH(A13,Sheet3!A:A,0)),"")
... A1031: 2603 | B1031: =IFERROR(INDEX(Sheet1!I:I,MATCH(A1031,Sheet1!A:A,0)),"") | C1031: =IFERROR(INDEX(Sheet3!D:D,MATCH(A1031,Sheet3!A:A,0)),"") | D1031: =IFERROR(INDEX(Sheet3!G:G,MATCH(A1031,Sheet3!A:A,0)),"") | E1031: =IFERROR(INDEX(Sheet3!H:H,MATCH(A1031,Sheet3!A:A,0)),"")

Sheet Sheet1
A1: ID | B1: NAME | C1: FIRST YEAR | D1: PROFESSIONALISM STEP I | E1: RESEARCH STEP I | F1: COMMUNICATION STEP I | I1: FIRST YEAR RANK | J1: SECOND YEAR | K1: RESEARCH STEP II | L1: PROFESSIONALISM STEP II | M1: COMMUNICATION STEP II | P1: SECOND YEAR RANK | Q1: THIRD YEAR | R1: RESEARCH STEP III | S1: COMMUNICATION STEP III | T1: PROFESSIONALISM STEP III | W1: THIRD YEAR RANK | X1: FOURTH YEAR | Y1: PROFESSIONALISM STEP IV | Z1: RESEARCH STEP IV | AA1: COMMUNICATION STEP IV | AD1: FOURTH YEAR RANK | AE1: PERCENTAGE | AF1: TOTAL | AH1: TOTAL RANK
A2: 4 | B2: ابرار عدلى ابراهيم على بيبرس | C2: 596.9 | D2: 23 | E2: 23 | F2: 22 | G2: =C2+D2+E2+F2 | H2: =IF(ISNUMBER(G2),G2,"") | I2: =_xlfn.RANK.EQ(H2,$H$2:$H$1031) | J2: 577 | K2: 47 | L2: 22 | M2: 21 | N2: =J2+K2+L2+M2 | O2: =IF(ISNUMBER(N2),N2,"") | P2: =_xlfn.RANK.EQ(O2,$O$2:$O$1031) | Q2: 252.5 | R2: 46.5 | S2: 21 | T2: 23 | U2: =Q2+R2+S2+T2 | V2: =IF(ISNUMBER(U2),U2,"") | W2: =_xlfn.RANK.EQ(V2,$V$2:$V$1031) | X2: 1354.1958 | Y2: 24 | Z2: 25 | AA2: 21 | AB2: =IF(ISNUMBER(X2),X2+N(Y2)+N(Z2)+N(AA2),X2) | AC2: =IF(ISNUMBER(AB2),AB2,"") | AD2: =IF(ISNUMBER(AC2),_xlfn.RANK.EQ(AC2,$AC$2:$AC$1031),"") | AE2: =IF(ISNUMBER(AF2),AF2/3630,"") | AF2: =IFERROR(C2+D2+E2+F2+J2+K2+L2+M2+Q2+R2+S2+T2+IF(ISNUMBER(X2),X2,0)+N(Y2)+N(Z2)+N(AA2),"") | AG2: =IF(ISNUMBER(AF2),AF2,"") | AH2: =IF(ISNUMBER(AG2),_xlfn.RANK.EQ(AG2,$AG$2:$AG$1031),"")
A3: 6 | B3: ابراهيم احمد جابر سلام | C3: 601.8 | D3: 23 | E3: 21 | F3: 20 | G3: =C3+D3+E3+F3 | H3: =IF(ISNUMBER(G3),G3,"") | I3: =_xlfn.RANK.EQ(H3,$H$2:$H$1031) | J3: 552.7 | K3: 37 | L3: 21 | M3: 15 | N3: =J3+K3+L3+M3 | O3: =IF(ISNUMBER(N3),N3,"") | P3: =_xlfn.RANK.EQ(O3,$O$2:$O$1031) | Q3: 219.5 | R3: 42.5 | S3: 21 | T3: 24 | U3: =Q3+R3+S3+T3 | V3: =IF(ISNUMBER(U3),U3,"") | W3: =_xlfn.RANK.EQ(V3,$V$2:$V$1031) | X3: 1341.8125 | Y3: 23 | Z3: 22 | AA3: 17 | AB3: =IF(ISNUMBER(X3),X3+N(Y3)+N(Z3)+N(AA3),X3) | AC3: =IF(ISNUMBER(AB3),AB3,"") | AD3: =IF(ISNUMBER(AC3),_xlfn.RANK.EQ(AC3,$AC$2:$AC$1031),"") | AE3: =IF(ISNUMBER(AF3),AF3/3630,"") | AF3: =IFERROR(C3+D3+E3+F3+J3+K3+L3+M3+Q3+R3+S3+T3+IF(ISNUMBER(X3),X3,0)+N(Y3)+N(Z3)+N(AA3),"") | AG3: =IF(ISNUMBER(AF3),AF3,"") | AH3: =IF(ISNUMBER(AG3),_xlfn.RANK.EQ(AG3,$AG$2:$AG$1031),"")
A4: 9 | B4: ابراهيم حسنى محمد على حسونه | C4: 654 | D4: 25 | E4: 25 | F4: 23 | G4: =C4+D4+E4+F4 | H4: =IF(ISNUMBER(G4),G4,"") | I4: =_xlfn.RANK.EQ(H4,$H$2:$H$1031) | J4: 635.5 | K4: 48 | L4: 19 | M4: 23 | N4: =J4+K4+L4+M4 | O4: =IF(ISNUMBER(N4),N4,"") | P4: =_xlfn.RANK.EQ(O4,$O$2:$O$1031) | Q4: 289 | R4: 48.5 | S4: 23 | T4: 25 | U4: =Q4+R4+S4+T4 | V4: =IF(ISNUMBER(U4),U4,"") | W4: =_xlfn.RANK.EQ(V4,$V$2:$V$1031) | X4: 1585.8333 | Y4: 25 | Z4: 25 | AA4: 23 | AB4: =IF(ISNUMBER(X4),X4+N(Y4)+N(Z4)+N(AA4),X4) | AC4: =IF(ISNUMBER(AB4),AB4,"") | AD4: =IF(ISNUMBER(AC4),_xlfn.RANK.EQ(AC4,$AC$2:$AC$1031),"") | AE4: =IF(ISNUMBER(AF4),AF4/3630,"") | AF4: =IFERROR(C4+D4+E4+F4+J4+K4+L4+M4+Q4+R4+S4+T4+IF(ISNUMBER(X4),X4,0)+N(Y4)+N(Z4)+N(AA4),"") | AG4: =IF(ISNUMBER(AF4),AF4,"") | AH4: =IF(ISNUMBER(AG4),_xlfn.RANK.EQ(AG4,$AG$2:$AG$1031),"")
A5: 13 | B5: ابراهيم علاء مرزوق على اغا | C5: 440 | D5: 23 | E5: 6 | F5: 18 | G5: =C5+D5+E5+F5 | H5: =IF(ISNUMBER(G5),G5,"") | I5: =_xlfn.RANK.EQ(H5,$H$2:$H$1031) | J5: 407.5 | K5: 23 | L5: 13 | M5: 11 | N5: =J5+K5+L5+M5 | O5: =IF(ISNUMBER(N5),N5,"") | P5: =_xlfn.RANK.EQ(O5,$O$2:$O$1031) | Q5: 152.75 | R5: 34 | S5: 22 | T5: 22 | U5: =Q5+R5+S5+T5 | V5: =IF(ISNUMBER(U5),U5,"") | W5: =_xlfn.RANK.EQ(V5,$V$2:$V$1031) | X5: 1150.8042 | Y5: 25 | Z5: 21 | AA5: 20 | AB5: =IF(ISNUMBER(X5),X5+N(Y5)+N(Z5)+N(AA5),X5) | AC5: =IF(ISNUMBER(AB5),AB5,"") | AD5: =IF(ISNUMBER(AC5),_xlfn.RANK.EQ(AC5,$AC$2:$AC$1031),"") | AE5: =IF(ISNUMBER(AF5),AF5/3630,"") | AF5: =IFERROR(C5+D5+E5+F5+J5+K5+L5+M5+Q5+R5+S5+T5+IF(ISNUMBER(X5),X5,0)+N(Y5)+N(Z5)+N(AA5),"") | AG5: =IF(ISNUMBER(AF5),AF5,"") | AH5: =IF(ISNUMBER(AG5),_xlfn.RANK.EQ(AG5,$AG$2:$AG$1031),"")
A6: 15 | B6: ابراهيم محمد حسن عويضه | C6: 565.6 | D6: 24 | E6: 22 | F6: 18 | G6: =C6+D6+E6+F6 | H6: =IF(ISNUMBER(G6),G6,"") | I6: =_xlfn.RANK.EQ(H6,$H$2:$H$1031) | J6: 599.5 | K6: 49 | L6: 25 | M6: 22 | N6: =J6+K6+L6+M6 | O6: =IF(ISNUMBER(N6),N6,"") | P6: =_xlfn.RANK.EQ(O6,$O$2:$O$1031) | Q6: 243 | R6: 43 | S6: 22 | T6: 25 | U6: =Q6+R6+S6+T6 | V6: =IF(ISNUMBER(U6),U6,"") | W6: =_xlfn.RANK.EQ(V6,$V$2:$V$1031) | X6: 1403.6083 | Y6: 25 | Z6: 23 | AA6: 22 | AB6: =IF(ISNUMBER(X6),X6+N(Y6)+N(Z6)+N(AA6),X6) | AC6: =IF(ISNUMBER(AB6),AB6,"") | AD6: =IF(ISNUMBER(AC6),_xlfn.RANK.EQ(AC6,$AC$2:$AC$1031),"") | AE6: =IF(ISNUMBER(AF6),AF6/3630,"") | AF6: =IFERROR(C6+D6+E6+F6+J6+K6+L6+M6+Q6+R6+S6+T6+IF(ISNUMBER(X6),X6,0)+N(Y6)+N(Z6)+N(AA6),"") | AG6: =IF(ISNUMBER(AF6),AF6,"") | AH6: =IF(ISNUMBER(AG6),_xlfn.RANK.EQ(AG6,$AG$2:$AG$1031),"")
A7: 31 | B7: احلام محمد خميس على عبدالكريم | C7: 616.7 | D7: 25 | E7: 24 | F7: 23 | G7: =C7+D7+E7+F7 | H7: =IF(ISNUMBER(G7),G7,"") | I7: =_xlfn.RANK.EQ(H7,$H$2:$H$1031) | J7: 629.4 | K7: 46 | L7: 21 | M7: 22 | N7: =J7+K7+L7+M7 | O7: =IF(ISNUMBER(N7),N7,"") | P7: =_xlfn.RANK.EQ(O7,$O$2:$O$1031) | Q7: 272 | R7: 48 | S7: 24 | T7: 25 | U7: =Q7+R7+S7+T7 | V7: =IF(ISNUMBER(U7),U7,"") | W7: =_xlfn.RANK.EQ(V7,$V$2:$V$1031) | X7: 1497.6708 | Y7: 25 | Z7: 25 | AA7: 24 | AB7: =IF(ISNUMBER(X7),X7+N(Y7)+N(Z7)+N(AA7),X7) | AC7: =IF(ISNUMBER(AB7),AB7,"") | AD7: =IF(ISNUMBER(AC7),_xlfn.RANK.EQ(AC7,$AC$2:$AC$1031),"") | AE7: =IF(ISNUMBER(AF7),AF7/3630,"") | AF7: =IFERROR(C7+D7+E7+F7+J7+K7+L7+M7+Q7+R7+S7+T7+IF(ISNUMBER(X7),X7,0)+N(Y7)+N(Z7)+N(AA7),"") | AG7: =IF(ISNUMBER(AF7),AF7,"") | AH7: =IF(ISNUMBER(AG7),_xlfn.RANK.EQ(AG7,$AG$2:$AG$1031),"")
A8: 32 | B8: احمد ابراهيم ابراهيم سيد احمد عيسى | C8: 598.8 | D8: 24 | E8: 22 | F8: 24 | G8: =C8+D8+E8+F8 | H8: =IF(ISNUMBER(G8),G8,"") | I8: =_xlfn.RANK.EQ(H8,$H$2:$H$1031) | J8: 589.8 | K8: 49 | L8: 22 | M8: 25 | N8: =J8+K8+L8+M8 | O8: =IF(ISNUMBER(N8),N8,"") | P8: =_xlfn.RANK.EQ(O8,$O$2:$O$1031) | Q8: 272 | R8: 47.5 | S8: 24 | T8: 25 | U8: =Q8+R8+S8+T8 | V8: =IF(ISNUMBER(U8),U8,"") | W8: =_xlfn.RANK.EQ(V8,$V$2:$V$1031) | X8: 1369.3833 | Y8: 24 | Z8: 24 | AA8: 22 | AB8: =IF(ISNUMBER(X8),X8+N(Y8)+N(Z8)+N(AA8),X8) | AC8: =IF(ISNUMBER(AB8),AB8,"") | AD8: =IF(ISNUMBER(AC8),_xlfn.RANK.EQ(AC8,$AC$2:$AC$1031),"") | AE8: =IF(ISNUMBER(AF8),AF8/3630,"") | AF8: =IFERROR(C8+D8+E8+F8+J8+K8+L8+M8+Q8+R8+S8+T8+IF(ISNUMBER(X8),X8,0)+N(Y8)+N(Z8)+N(AA8),"") | AG8: =IF(ISNUMBER(AF8),AF8,"") | AH8: =IF(ISNUMBER(AG8),_xlfn.RANK.EQ(AG8,$AG$2:$AG$1031),"")
A9: 34 | B9: احمد ابراهيم فاروق سعد الششتاوى | C9: 477 | D9: 24 | E9: 22 | F9: 24 | G9: =C9+D9+E9+F9 | H9: =IF(ISNUMBER(G9),G9,"") | I9: =_xlfn.RANK.EQ(H9,$H$2:$H$1031) | J9: 545.3 | K9: 49 | L9: 22 | M9: 23 | N9: =J9+K9+L9+M9 | O9: =IF(ISNUMBER(N9),N9,"") | P9: =_xlfn.RANK.EQ(O9,$O$2:$O$1031) | Q9: 226.5 | R9: 31.5 | S9: 16 | T9: 23 | U9: =Q9+R9+S9+T9 | V9: =IF(ISNUMBER(U9),U9,"") | W9: =_xlfn.RANK.EQ(V9,$V$2:$V$1031) | X9: 1191.0458 | Y9: 25 | Z9: 18 | AA9: 22 | AB9: =IF(ISNUMBER(X9),X9+N(Y9)+N(Z9)+N(AA9),X9) | AC9: =IF(ISNUMBER(AB9),AB9,"") | AD9: =IF(ISNUMBER(AC9),_xlfn.RANK.EQ(AC9,$AC$2:$AC$1031),"") | AE9: =IF(ISNUMBER(AF9),AF9/3630,"") | AF9: =IFERROR(C9+D9+E9+F9+J9+K9+L9+M9+Q9+R9+S9+T9+IF(ISNUMBER(X9),X9,0)+N(Y9)+N(Z9)+N(AA9),"") | AG9: =IF(ISNUMBER(AF9),AF9,"") | AH9: =IF(ISNUMBER(AG9),_xlfn.RANK.EQ(AG9,$AG$2:$AG$1031),"")
A10: 35 | B10: احمد احمد ابراهيم احمد عويضه | C10: 515.2 | D10: 21 | E10: 25 | F10: 20.5 | G10: =C10+D10+E10+F10 | H10: =IF(ISNUMBER(G10),G10,"") | I10: =_xlfn.RANK.EQ(H10,$H$2:$H$1031) | J10: 551 | K10: 46 | L10: 22 | M10: 23 | N10: =J10+K10+L10+M10 | O10: =IF(ISNUMBER(N10),N10,"") | P10: =_xlfn.RANK.EQ(O10,$O$2:$O$1031) | Q10: 264 | R10: 45 | S10: 22 | T10: 23.5 | U10: =Q10+R10+S10+T10 | V10: =IF(ISNUMBER(U10),U10,"") | W10: =_xlfn.RANK.EQ(V10,$V$2:$V$1031) | X10: 1386.7375 | Y10: 25 | Z10: 21 | AA10: 20 | AB10: =IF(ISNUMBER(X10),X10+N(Y10)+N(Z10)+N(AA10),X10) | AC10: =IF(ISNUMBER(AB10),AB10,"") | AD10: =IF(ISNUMBER(AC10),_xlfn.RANK.EQ(AC10,$AC$2:$AC$1031),"") | AE10: =IF(ISNUMBER(AF10),AF10/3630,"") | AF10: =IFERROR(C10+D10+E10+F10+J10+K10+L10+M10+Q10+R10+S10+T10+IF(ISNUMBER(X10),X10,0)+N(Y10)+N(Z10)+N(AA10),"") | AG10: =IF(ISNUMBER(AF10),AF10,"") | AH10: =IF(ISNUMBER(AG10),_xlfn.RANK.EQ(AG10,$AG$2:$AG$1031),"")
A11: 37 | B11: احمد اشرف عبد الزين عباس | C11: 658 | D11: 25 | E11: 25 | F11: 24 | G11: =C11+D11+E11+F11 | H11: =IF(ISNUMBER(G11),G11,"") | I11: =_xlfn.RANK.EQ(H11,$H$2:$H$1031) | J11: 633.7 | K11: 47 | L11: 23 | M11: 23 | N11: =J11+K11+L11+M11 | O11: =IF(ISNUMBER(N11),N11,"") | P11: =_xlfn.RANK.EQ(O11,$O$2:$O$1031) | Q11: 283 | R11: 47 | S11: 22 | T11: 24.5 | U11: =Q11+R11+S11+T11 | V11: =IF(ISNUMBER(U11),U11,"") | W11: =_xlfn.RANK.EQ(V11,$V$2:$V$1031) | X11: 1528.7583 | Y11: 25 | Z11: 20 | AA11: 21 | AB11: =IF(ISNUMBER(X11),X11+N(Y11)+N(Z11)+N(AA11),X11) | AC11: =IF(ISNUMBER(AB11),AB11,"") | AD11: =IF(ISNUMBER(AC11),_xlfn.RANK.EQ(AC11,$AC$2:$AC$1031),"") | AE11: =IF(ISNUMBER(AF11),AF11/3630,"") | AF11: =IFERROR(C11+D11+E11+F11+J11+K11+L11+M11+Q11+R11+S11+T11+IF(ISNUMBER(X11),X11,0)+N(Y11)+N(Z11)+N(AA11),"") | AG11: =IF(ISNUMBER(AF11),AF11,"") | AH11: =IF(ISNUMBER(AG11),_xlfn.RANK.EQ(AG11,$AG$2:$AG$1031),"")
A12: 38 | B12: احمد اشرف عبد الفتاح عبد ربه | C12: 472.1 | D12: 19 | E12: 20 | F12: 16 | G12: =C12+D12+E12+F12 | H12: =IF(ISNUMBER(G12),G12,"") | I12: =_xlfn.RANK.EQ(H12,$H$2:$H$1031) | J12: 510.7 | K12: 34 | L12: 20 | M12: 18 | N12: =J12+K12+L12+M12 | O12: =IF(ISNUMBER(N12),N12,"") | P12: =_xlfn.RANK.EQ(O12,$O$2:$O$1031) | Q12: 212.5 | R12: 43 | S12: 25 | T12: 22.5 | U12: =Q12+R12+S12+T12 | V12: =IF(ISNUMBER(U12),U12,"") | W12: =_xlfn.RANK.EQ(V12,$V$2:$V$1031) | X12: 1292.6167 | Y12: 25 | Z12: 22 | AA12: 25 | AB12: =IF(ISNUMBER(X12),X12+N(Y12)+N(Z12)+N(AA12),X12) | AC12: =IF(ISNUMBER(AB12),AB12,"") | AD12: =IF(ISNUMBER(AC12),_xlfn.RANK.EQ(AC12,$AC$2:$AC$1031),"") | AE12: =IF(ISNUMBER(AF12),AF12/3630,"") | AF12: =IFERROR(C12+D12+E12+F12+J12+K12+L12+M12+Q12+R12+S12+T12+IF(ISNUMBER(X12),X12,0)+N(Y12)+N(Z12)+N(AA12),"") | AG12: =IF(ISNUMBER(AF12),AF12,"") | AH12: =IF(ISNUMBER(AG12),_xlfn.RANK.EQ(AG12,$AG$2:$AG$1031),"")
A13: 39 | B13: احمد اشرف عطية محمود القزاز | C13: 639.5 | D13: 25 | E13: 25 | F13: 22 | G13: =C13+D13+E13+F13 | H13: =IF(ISNUMBER(G13),G13,"") | I13: =_xlfn.RANK.EQ(H13,$H$2:$H$1031) | J13: 622.7 | K13: 49 | L13: 22 | M13: 23 | N13: =J13+K13+L13+M13 | O13: =IF(ISNUMBER(N13),N13,"") | P13: =_xlfn.RANK.EQ(O13,$O$2:$O$1031) | Q13: 274.5 | R13: 48 | S13: 24 | T13: 24.5 | U13: =Q13+R13+S13+T13 | V13: =IF(ISNUMBER(U13),U13,"") | W13: =_xlfn.RANK.EQ(V13,$V$2:$V$1031) | X13: 1395.3208 | Y13: 25 | Z13: 22 | AA13: 23 | AB13: =IF(ISNUMBER(X13),X13+N(Y13)+N(Z13)+N(AA13),X13) | AC13: =IF(ISNUMBER(AB13),AB13,"") | AD13: =IF(ISNUMBER(AC13),_xlfn.RANK.EQ(AC13,$AC$2:$AC$1031),"") | AE13: =IF(ISNUMBER(AF13),AF13/3630,"") | AF13: =IFERROR(C13+D13+E13+F13+J13+K13+L13+M13+Q13+R13+S13+T13+IF(ISNUMBER(X13),X13,0)+N(Y13)+N(Z13)+N(AA13),"") | AG13: =IF(ISNUMBER(AF13),AF13,"") | AH13: =IF(ISNUMBER(AG13),_xlfn.RANK.EQ(AG13,$AG$2:$AG$1031),"")
A14: 40 | B14: احمد اشرف محمد شريف | C14: 607.9 | D14: 24 | E14: 25 | F14: 21 | G14: =C14+D14+E14+F14 | H14: =IF(ISNUMBER(G14),G14,"") | I14: =_xlfn.RANK.EQ(H14,$H$2:$H$1031) | J14: 543.7 | K14: 39 | L14: 20 | M14: 21 | N14: =J14+K14+L14+M14 | O14: =IF(ISNUMBER(N14),N14,"") | P14: =_xlfn.RANK.EQ(O14,$O$2:$O$1031) | Q14: 231.5 | R14: 44.5 | S14: 24 | T14: 25 | U14: =Q14+R14+S14+T14 | V14: =IF(ISNUMBER(U14),U14,"") | W14: =_xlfn.RANK.EQ(V14,$V$2:$V$1031) | X14: راسب | Y14: 25 | Z14: 21 | AA14: 22 | AB14: =IF(ISNUMBER(X14),X14+N(Y14)+N(Z14)+N(AA14),X14) | AC14: =IF(ISNUMBER(AB14),AB14,"") | AD14: =IF(ISNUMBER(AC14),_xlfn.RANK.EQ(AC14,$AC$2:$AC$1031),"") | AE14: =IF(ISNUMBER(AF14),AF14/3630,"") | AF14: =IFERROR(C14+D14+E14+F14+J14+K14+L14+M14+Q14+R14+S14+T14+IF(ISNUMBER(X14),X14,0)+N(Y14)+N(Z14)+N(AA14),"") | AG14: =IF(ISNUMBER(AF14),AF14,"") | AH14: =IF(ISNUMBER(AG14),_xlfn.RANK.EQ(AG14,$AG$2:$AG$1031),"")
A15: 41 | B15: احمد اشرف محمود محمد | C15: 579.3 | D15: 22 | E15: 25 | F15: 23 | G15: =C15+D15+E15+F15 | H15: =IF(ISNUMBER(G15),G15,"") | I15: =_xlfn.RANK.EQ(H15,$H$2:$H$1031) | J15: 587.5 | K15: 49 | L15: 23 | M15: 22 | N15: =J15+K15+L15+M15 | O15: =IF(ISNUMBER(N15),N15,"") | P15: =_xlfn.RANK.EQ(O15,$O$2:$O$1031) | Q15: 271 | R15: 46.5 | S15: 23 | T15: 25 | U15: =Q15+R15+S15+T15 | V15: =IF(ISNUMBER(U15),U15,"") | W15: =_xlfn.RANK.EQ(V15,$V$2:$V$1031) | X15: 1454.7958 | Y15: 21 | Z15: 21 | AA15: 22 | AB15: =IF(ISNUMBER(X15),X15+N(Y15)+N(Z15)+N(AA15),X15) | AC15: =IF(ISNUMBER(AB15),AB15,"") | AD15: =IF(ISNUMBER(AC15),_xlfn.RANK.EQ(AC15,$AC$2:$AC$1031),"") | AE15: =IF(ISNUMBER(AF15),AF15/3630,"") | AF15: =IFERROR(C15+D15+E15+F15+J15+K15+L15+M15+Q15+R15+S15+T15+IF(ISNUMBER(X15),X15,0)+N(Y15)+N(Z15)+N(AA15),"") | AG15: =IF(ISNUMBER(AF15),AF15,"") | AH15: =IF(ISNUMBER(AG15),_xlfn.RANK.EQ(AG15,$AG$2:$AG$1031),"")
A16: 42 | B16: احمد السعيد عطيه المليجى | C16: 581.7 | D16: 24 | E16: 21 | F16: 21 | G16: =C16+D16+E16+F16 | H16: =IF(ISNUMBER(G16),G16,"") | I16: =_xlfn.RANK.EQ(H16,$H$2:$H$1031) | J16: 534.9 | K16: 44 | L16: 25 | M16: 17 | N16: =J16+K16+L16+M16 | O16: =IF(ISNUMBER(N16),N16,"") | P16: =_xlfn.RANK.EQ(O16,$O$2:$O$1031) | Q16: 239 | R16: 41.5 | S16: 24 | T16: 23 | U16: =Q16+R16+S16+T16 | V16: =IF(ISNUMBER(U16),U16,"") | W16: =_xlfn.RANK.EQ(V16,$V$2:$V$1031) | X16: 1333.0958 | Y16: 25 | Z16: 17 | AA16: 24 | AB16: =IF(ISNUMBER(X16),X16+N(Y16)+N(Z16)+N(AA16),X16) | AC16: =IF(ISNUMBER(AB16),AB16,"") | AD16: =IF(ISNUMBER(AC16),_xlfn.RANK.EQ(AC16,$AC$2:$AC$1031),"") | AE16: =IF(ISNUMBER(AF16),AF16/3630,"") | AF16: =IFERROR(C16+D16+E16+F16+J16+K16+L16+M16+Q16+R16+S16+T16+IF(ISNUMBER(X16),X16,0)+N(Y16)+N(Z16)+N(AA16),"") | AG16: =IF(ISNUMBER(AF16),AF16,"") | AH16: =IF(ISNUMBER(AG16),_xlfn.RANK.EQ(AG16,$AG$2:$AG$1031),"")
A17: 46 | B17: احمد ايهاب حسن جابر | C17: 489.6 | D17: 18 | E17: 20 | F17: 20 | G17: =C17+D17+E17+F17 | H17: =IF(ISNUMBER(G17),G17,"") | I17: =_xlfn.RANK.EQ(H17,$H$2:$H$1031) | J17: 557.2 | K17: 36 | L17: 20 | M17: 17 | N17: =J17+K17+L17+M17 | O17: =IF(ISNUMBER(N17),N17,"") | P17: =_xlfn.RANK.EQ(O17,$O$2:$O$1031) | Q17: 216.5 | R17: 42 | S17: 21 | T17: 23 | U17: =Q17+R17+S17+T17 | V17: =IF(ISNUMBER(U17),U17,"") | W17: =_xlfn.RANK.EQ(V17,$V$2:$V$1031) | X17: 1315.0417 | Y17: 22 | Z17: 25 | AA17: 22 | AB17: =IF(ISNUMBER(X17),X17+N(Y17)+N(Z17)+N(AA17),X17) | AC17: =IF(ISNUMBER(AB17),AB17,"") | AD17: =IF(ISNUMBER(AC17),_xlfn.RANK.EQ(AC17,$AC$2:$AC$1031),"") | AE17: =IF(ISNUMBER(AF17),AF17/3630,"") | AF17: =IFERROR(C17+D17+E17+F17+J17+K17+L17+M17+Q17+R17+S17+T17+IF(ISNUMBER(X17),X17,0)+N(Y17)+N(Z17)+N(AA17),"") | AG17: =IF(ISNUMBER(AF17),AF17,"") | AH17: =IF(ISNUMBER(AG17),_xlfn.RANK.EQ(AG17,$AG$2:$AG$1031),"")
A18: 50 | B18: احمد جميل عبد الحليم فرج محمد | C18: 590 | D18: 24 | E18: 25 | F18: 23 | G18: =C18+D18+E18+F18 | H18: =IF(ISNUMBER(G18),G18,"") | I18: =_xlfn.RANK.EQ(H18,$H$2:$H$1031) | J18: 574.7 | K18: 49 | L18: 20 | M18: 20 | N18: =J18+K18+L18+M18 | O18: =IF(ISNUMBER(N18),N18,"") | P18: =_xlfn.RANK.EQ(O18,$O$2:$O$1031) | Q18: 230.5 | R18: 45 | S18: 21 | T18: 22.5 | U18: =Q18+R18+S18+T18 | V18: =IF(ISNUMBER(U18),U18,"") | W18: =_xlfn.RANK.EQ(V18,$V$2:$V$1031) | X18: 1265.0208 | Y18: 25 | Z18: 25 | AA18: 24 | AB18: =IF(ISNUMBER(X18),X18+N(Y18)+N(Z18)+N(AA18),X18) | AC18: =IF(ISNUMBER(AB18),AB18,"") | AD18: =IF(ISNUMBER(AC18),_xlfn.RANK.EQ(AC18,$AC$2:$AC$1031),"") | AE18: =IF(ISNUMBER(AF18),AF18/3630,"") | AF18: =IFERROR(C18+D18+E18+F18+J18+K18+L18+M18+Q18+R18+S18+T18+IF(ISNUMBER(X18),X18,0)+N(Y18)+N(Z18)+N(AA18),"") | AG18: =IF(ISNUMBER(AF18),AF18,"") | AH18: =IF(ISNUMBER(AG18),_xlfn.RANK.EQ(AG18,$AG$2:$AG$1031),"")
A19: 51 | B19: احمد حسام الدين فتحى ابوالخير | C19: 494.2 | D19: 18 | E19: 20 | F19: 21 | G19: =C19+D19+E19+F19 | H19: =IF(ISNUMBER(G19),G19,"") | I19: =_xlfn.RANK.EQ(H19,$H$2:$H$1031) | J19: 460.7 | K19: 39 | L19: 18 | M19: 18 | N19: =J19+K19+L19+M19 | O19: =IF(ISNUMBER(N19),N19,"") | P19: =_xlfn.RANK.EQ(O19,$O$2:$O$1031) | Q19: 216 | R19: 39 | S19: 22 | T19: 25 | U19: =Q19+R19+S19+T19 | V19: =IF(ISNUMBER(U19),U19,"") | W19: =_xlfn.RANK.EQ(V19,$V$2:$V$1031) | X19: 1298.6708 | Y19: 22 | Z19: 24 | AA19: 20 | AB19: =IF(ISNUMBER(X19),X19+N(Y19)+N(Z19)+N(AA19),X19) | AC19: =IF(ISNUMBER(AB19),AB19,"") | AD19: =IF(ISNUMBER(AC19),_xlfn.RANK.EQ(AC19,$AC$2:$AC$1031),"") | AE19: =IF(ISNUMBER(AF19),AF19/3630,"") | AF19: =IFERROR(C19+D19+E19+F19+J19+K19+L19+M19+Q19+R19+S19+T19+IF(ISNUMBER(X19),X19,0)+N(Y19)+N(Z19)+N(AA19),"") | AG19: =IF(ISNUMBER(AF19),AF19,"") | AH19: =IF(ISNUMBER(AG19),_xlfn.RANK.EQ(AG19,$AG$2:$AG$1031),"")
A20: 52 | B20: احمد حسام عبد المجيد علي | C20: 555.6 | D20: 24 | E20: 22 | F20: 16.5 | G20: =C20+D20+E20+F20 | H20: =IF(ISNUMBER(G20),G20,"") | I20: =_xlfn.RANK.EQ(H20,$H$2:$H$1031) | J20: 490.4 | K20: 30 | L20: 16 | M20: 14 | N20: =J20+K20+L20+M20 | O20: =IF(ISNUMBER(N20),N20,"") | P20: =_xlfn.RANK.EQ(O20,$O$2:$O$1031) | Q20: 206 | R20: 41.5 | S20: 22 | T20: 23.5 | U20: =Q20+R20+S20+T20 | V20: =IF(ISNUMBER(U20),U20,"") | W20: =_xlfn.RANK.EQ(V20,$V$2:$V$1031) | X20: راسب | Y20: 23 | Z20: 24 | AA20: 21 | AB20: =IF(ISNUMBER(X20),X20+N(Y20)+N(Z20)+N(AA20),X20) | AC20: =IF(ISNUMBER(AB20),AB20,"") | AD20: =IF(ISNUMBER(AC20),_xlfn.RANK.EQ(AC20,$AC$2:$AC$1031),"") | AE20: =IF(ISNUMBER(AF20),AF20/3630,"") | AF20: =IFERROR(C20+D20+E20+F20+J20+K20+L20+M20+Q20+R20+S20+T20+IF(ISNUMBER(X20),X20,0)+N(Y20)+N(Z20)+N(AA20),"") | AG20: =IF(ISNUMBER(AF20),AF20,"") | AH20: =IF(ISNUMBER(AG20),_xlfn.RANK.EQ(AG20,$AG$2:$AG$1031),"")
A21: 53 | B21: احمد حسن ابراهيم المهدى هاشم | C21: 457.1 | D21: 21 | E21: 13 | F21: 21 | G21: =C21+D21+E21+F21 | H21: =IF(ISNUMBER(G21),G21,"") | I21: =_xlfn.RANK.EQ(H21,$H$2:$H$1031) | J21: 457.5 | K21: 37 | L21: 20 | M21: 15 | N21: =J21+K21+L21+M21 | O21: =IF(ISNUMBER(N21),N21,"") | P21: =_xlfn.RANK.EQ(O21,$O$2:$O$1031) | Q21: راسب | R21: 40 | S21: 23 | T21: 19.5 | U21: =Q21+R21+S21+T21 | V21: =IF(ISNUMBER(U21),U21,"") | W21: =_xlfn.RANK.EQ(V21,$V$2:$V$1031) | X21: راسب | Y21: 23 | Z21: 25 | AA21: 20 | AB21: =IF(ISNUMBER(X21),X21+N(Y21)+N(Z21)+N(AA21),X21) | AC21: =IF(ISNUMBER(AB21),AB21,"") | AD21: =IF(ISNUMBER(AC21),_xlfn.RANK.EQ(AC21,$AC$2:$AC$1031),"") | AE21: =IF(ISNUMBER(AF21),AF21/3630,"") | AF21: =IFERROR(C21+D21+E21+F21+J21+K21+L21+M21+Q21+R21+S21+T21+IF(ISNUMBER(X21),X21,0)+N(Y21)+N(Z21)+N(AA21),"") | AG21: =IF(ISNUMBER(AF21),AF21,"") | AH21: =IF(ISNUMBER(AG21),_xlfn.RANK.EQ(AG21,$AG$2:$AG$1031),"")
A22: 54 | B22: احمد حسن أحمد محمد على | C22: 606.2 | D22: 24 | E22: 20 | F22: 22 | G22: =C22+D22+E22+F22 | H22: =IF(ISNUMBER(G22),G22,"") | I22: =_xlfn.RANK.EQ(H22,$H$2:$H$1031) | J22: 615 | K22: 49 | L22: 22 | M22: 21 | N22: =J22+K22+L22+M22 | O22: =IF(ISNUMBER(N22),N22,"") | P22: =_xlfn.RANK.EQ(O22,$O$2:$O$1031) | Q22: 262 | R22: 47.5 | S22: 25 | T22: 23.5 | U22: =Q22+R22+S22+T22 | V22: =IF(ISNUMBER(U22),U22,"") | W22: =_xlfn.RANK.EQ(V22,$V$2:$V$1031) | X22: 1492.9292 | Y22: 24 | Z22: 23 | AA22: 22 | AB22: =IF(ISNUMBER(X22),X22+N(Y22)+N(Z22)+N(AA22),X22) | AC22: =IF(ISNUMBER(AB22),AB22,"") | AD22: =IF(ISNUMBER(AC22),_xlfn.RANK.EQ(AC22,$AC$2:$AC$1031),"") | AE22: =IF(ISNUMBER(AF22),AF22/3630,"") | AF22: =IFERROR(C22+D22+E22+F22+J22+K22+L22+M22+Q22+R22+S22+T22+IF(ISNUMBER(X22),X22,0)+N(Y22)+N(Z22)+N(AA22),"") | AG22: =IF(ISNUMBER(AF22),AF22,"") | AH22: =IF(ISNUMBER(AG22),_xlfn.RANK.EQ(AG22,$AG$2:$AG$1031),"")
A23: 55 | B23: احمد حسين محمد محمد البصال | C23: 642.7 | D23: 25 | E23: 24 | F23: 24 | G23: =C23+D23+E23+F23 | H23: =IF(ISNUMBER(G23),G23,"") | I23: =_xlfn.RANK.EQ(H23,$H$2:$H$1031) | J23: 636 | K23: 47 | L23: 24 | M23: 23 | N23: =J23+K23+L23+M23 | O23: =IF(ISNUMBER(N23),N23,"") | P23: =_xlfn.RANK.EQ(O23,$O$2:$O$1031) | Q23: 257 | R23: 45.5 | S23: 23 | T23: 25 | U23: =Q23+R23+S23+T23 | V23: =IF(ISNUMBER(U23),U23,"") | W23: =_xlfn.RANK.EQ(V23,$V$2:$V$1031) | X23: 1451.875 | Y23: 24 | Z23: 20 | AA23: 21 | AB23: =IF(ISNUMBER(X23),X23+N(Y23)+N(Z23)+N(AA23),X23) | AC23: =IF(ISNUMBER(AB23),AB23,"") | AD23: =IF(ISNUMBER(AC23),_xlfn.RANK.EQ(AC23,$AC$2:$AC$1031),"") | AE23: =IF(ISNUMBER(AF23),AF23/3630,"") | AF23: =IFERROR(C23+D23+E23+F23+J23+K23+L23+M23+Q23+R23+S23+T23+IF(ISNUMBER(X23),X23,0)+N(Y23)+N(Z23)+N(AA23),"") | AG23: =IF(ISNUMBER(AF23),AF23,"") | AH23: =IF(ISNUMBER(AG23),_xlfn.RANK.EQ(AG23,$AG$2:$AG$1031),"")
A24: 58 | B24: احمد خالد عبدالغنى عبدالجليل | C24: 499.1 | D24: 18 | E24: 22 | F24: 21 | G24: =C24+D24+E24+F24 | H24: =IF(ISNUMBER(G24),G24,"") | I24: =_xlfn.RANK.EQ(H24,$H$2:$H$1031) | J24: 578.5 | K24: 40 | L24: 24 | M24: 23 | N24: =J24+K24+L24+M24 | O24: =IF(ISNUMBER(N24),N24,"") | P24: =_xlfn.RANK.EQ(O24,$O$2:$O$1031) | Q24: 245 | R24: 44 | S24: 24 | T24: 24 | U24: =Q24+R24+S24+T24 | V24: =IF(ISNUMBER(U24),U24,"") | W24: =_xlfn.RANK.EQ(V24,$V$2:$V$1031) | X24: 1433.4417 | Y24: 24 | Z24: 24 | AA24: 23 | AB24: =IF(ISNUMBER(X24),X24+N(Y24)+N(Z24)+N(AA24),X24) | AC24: =IF(ISNUMBER(AB24),AB24,"") | AD24: =IF(ISNUMBER(AC24),_xlfn.RANK.EQ(AC24,$AC$2:$AC$1031),"") | AE24: =IF(ISNUMBER(AF24),AF24/3630,"") | AF24: =IFERROR(C24+D24+E24+F24+J24+K24+L24+M24+Q24+R24+S24+T24+IF(ISNUMBER(X24),X24,0)+N(Y24)+N(Z24)+N(AA24),"") | AG24: =IF(ISNUMBER(AF24),AF24,"") | AH24: =IF(ISNUMBER(AG24),_xlfn.RANK.EQ(AG24,$AG$2:$AG$1031),"")
A25: 59 | B25: احمد خالد محمد مبروك صقر | C25: 639.7 | D25: 25 | E25: 24 | F25: 23 | G25: =C25+D25+E25+F25 | H25: =IF(ISNUMBER(G25),G25,"") | I25: =_xlfn.RANK.EQ(H25,$H$2:$H$1031) | J25: 613 | K25: 47 | L25: 24 | M25: 23 | N25: =J25+K25+L25+M25 | O25: =IF(ISNUMBER(N25),N25,"") | P25: =_xlfn.RANK.EQ(O25,$O$2:$O$1031) | Q25: 260 | R25: 47.5 | S25: 24 | T25: 25 | U25: =Q25+R25+S25+T25 | V25: =IF(ISNUMBER(U25),U25,"") | W25: =_xlfn.RANK.EQ(V25,$V$2:$V$1031) | X25: 1426.1042 | Y25: 15 | Z25: 23 | AA25: 23 | AB25: =IF(ISNUMBER(X25),X25+N(Y25)+N(Z25)+N(AA25),X25) | AC25: =IF(ISNUMBER(AB25),AB25,"") | AD25: =IF(ISNUMBER(AC25),_xlfn.RANK.EQ(AC25,$AC$2:$AC$1031),"") | AE25: =IF(ISNUMBER(AF25),AF25/3630,"") | AF25: =IFERROR(C25+D25+E25+F25+J25+K25+L25+M25+Q25+R25+S25+T25+IF(ISNUMBER(X25),X25,0)+N(Y25)+N(Z25)+N(AA25),"") | AG25: =IF(ISNUMBER(AF25),AF25,"") | AH25: =IF(ISNUMBER(AG25),_xlfn.RANK.EQ(AG25,$AG$2:$AG$1031),"")
A26: 60 | B26: احمد خميس الحسيني حماد | C26: 495.7 | D26: 14 | E26: 17 | F26: 16 | G26: =C26+D26+E26+F26 | H26: =IF(ISNUMBER(G26),G26,"") | I26: =_xlfn.RANK.EQ(H26,$H$2:$H$1031) | J26: 493 | K26: 48 | L26: 20 | M26: 16 | N26: =J26+K26+L26+M26 | O26: =IF(ISNUMBER(N26),N26,"") | P26: =_xlfn.RANK.EQ(O26,$O$2:$O$1031) | Q26: 223 | R26: 46.5 | S26: 25 | T26: 23.5 | U26: =Q26+R26+S26+T26 | V26: =IF(ISNUMBER(U26),U26,"") | W26: =_xlfn.RANK.EQ(V26,$V$2:$V$1031) | X26: 1214.5042 | Y26: 25 | Z26: 20 | AA26: 18 | AB26: =IF(ISNUMBER(X26),X26+N(Y26)+N(Z26)+N(AA26),X26) | AC26: =IF(ISNUMBER(AB26),AB26,"") | AD26: =IF(ISNUMBER(AC26),_xlfn.RANK.EQ(AC26,$AC$2:$AC$1031),"") | AE26: =IF(ISNUMBER(AF26),AF26/3630,"") | AF26: =IFERROR(C26+D26+E26+F26+J26+K26+L26+M26+Q26+R26+S26+T26+IF(ISNUMBER(X26),X26,0)+N(Y26)+N(Z26)+N(AA26),"") | AG26: =IF(ISNUMBER(AF26),AF26,"") | AH26: =IF(ISNUMBER(AG26),_xlfn.RANK.EQ(AG26,$AG$2:$AG$1031),"")
A27: 67 | B27: احمد سامح عبد الرحمن حبيب | C27: 611.4 | D27: 24 | E27: 24 | F27: 25 | G27: =C27+D27+E27+F27 | H27: =IF(ISNUMBER(G27),G27,"") | I27: =_xlfn.RANK.EQ(H27,$H$2:$H$1031) | J27: 611.5 | K27: 49 | L27: 23 | M27: 23 | N27: =J27+K27+L27+M27 | O27: =IF(ISNUMBER(N27),N27,"") | P27: =_xlfn.RANK.EQ(O27,$O$2:$O$1031) | Q27: 262 | R27: 45.5 | S27: 24 | T27: 24 | U27: =Q27+R27+S27+T27 | V27: =IF(ISNUMBER(U27),U27,"") | W27: =_xlfn.RANK.EQ(V27,$V$2:$V$1031) | X27: 1472.6833 | Y27: 25 | Z27: 25 | AA27: 24 | AB27: =IF(ISNUMBER(X27),X27+N(Y27)+N(Z27)+N(AA27),X27) | AC27: =IF(ISNUMBER(AB27),AB27,"") | AD27: =IF(ISNUMBER(AC27),_xlfn.RANK.EQ(AC27,$AC$2:$AC$1031),"") | AE27: =IF(ISNUMBER(AF27),AF27/3630,"") | AF27: =IFERROR(C27+D27+E27+F27+J27+K27+L27+M27+Q27+R27+S27+T27+IF(ISNUMBER(X27),X27,0)+N(Y27)+N(Z27)+N(AA27),"") | AG27: =IF(ISNUMBER(AF27),AF27,"") | AH27: =IF(ISNUMBER(AG27),_xlfn.RANK.EQ(AG27,$AG$2:$AG$1031),"")
A28: 68 | B28: احمد سامح عرفه حسن القحافى | C28: 529.9 | D28: 24 | E28: 25 | F28: 22 | G28: =C28+D28+E28+F28 | H28: =IF(ISNUMBER(G28),G28,"") | I28: =_xlfn.RANK.EQ(H28,$H$2:$H$1031) | J28: 540.5 | K28: 49 | L28: 20 | M28: 24 | N28: =J28+K28+L28+M28 | O28: =IF(ISNUMBER(N28),N28,"") | P28: =_xlfn.RANK.EQ(O28,$O$2:$O$1031) | Q28: 253 | R28: 45 | S28: 25 | T28: 25 | U28: =Q28+R28+S28+T28 | V28: =IF(ISNUMBER(U28),U28,"") | W28: =_xlfn.RANK.EQ(V28,$V$2:$V$1031) | X28: راسب | Y28: 25 | Z28: 25 | AA28: 24 | AB28: =IF(ISNUMBER(X28),X28+N(Y28)+N(Z28)+N(AA28),X28) | AC28: =IF(ISNUMBER(AB28),AB28,"") | AD28: =IF(ISNUMBER(AC28),_xlfn.RANK.EQ(AC28,$AC$2:$AC$1031),"") | AE28: =IF(ISNUMBER(AF28),AF28/3630,"") | AF28: =IFERROR(C28+D28+E28+F28+J28+K28+L28+M28+Q28+R28+S28+T28+IF(ISNUMBER(X28),X28,0)+N(Y28)+N(Z28)+N(AA28),"") | AG28: =IF(ISNUMBER(AF28),AF28,"") | AH28: =IF(ISNUMBER(AG28),_xlfn.RANK.EQ(AG28,$AG$2:$AG$1031),"")
A29: 72 | B29: احمد سمير السيد علي العيسوي | C29: 601.5 | D29: 25 | E29: 25 | F29: 23 | G29: =C29+D29+E29+F29 | H29: =IF(ISNUMBER(G29),G29,"") | I29: =_xlfn.RANK.EQ(H29,$H$2:$H$1031) | J29: 608.5 | K29: 49 | L29: 22 | M29: 24 | N29: =J29+K29+L29+M29 | O29: =IF(ISNUMBER(N29),N29,"") | P29: =_xlfn.RANK.EQ(O29,$O$2:$O$1031) | Q29: 272.5 | R29: 48 | S29: 25 | T29: 25 | U29: =Q29+R29+S29+T29 | V29: =IF(ISNUMBER(U29),U29,"") | W29: =_xlfn.RANK.EQ(V29,$V$2:$V$1031) | X29: 1360.1792 | Y29: 25 | Z29: 23 | AA29: 24 | AB29: =IF(ISNUMBER(X29),X29+N(Y29)+N(Z29)+N(AA29),X29) | AC29: =IF(ISNUMBER(AB29),AB29,"") | AD29: =IF(ISNUMBER(AC29),_xlfn.RANK.EQ(AC29,$AC$2:$AC$1031),"") | AE29: =IF(ISNUMBER(AF29),AF29/3630,"") | AF29: =IFERROR(C29+D29+E29+F29+J29+K29+L29+M29+Q29+R29+S29+T29+IF(ISNUMBER(X29),X29,0)+N(Y29)+N(Z29)+N(AA29),"") | AG29: =IF(ISNUMBER(AF29),AF29,"") | AH29: =IF(ISNUMBER(AG29),_xlfn.RANK.EQ(AG29,$AG$2:$AG$1031),"")
A30: 74 | B30: احمد شحاتة عبدالعزيز عبدالقادر | C30: 621.5 | D30: 24 | E30: 22 | F30: 22 | G30: =C30+D30+E30+F30 | H30: =IF(ISNUMBER(G30),G30,"") | I30: =_xlfn.RANK.EQ(H30,$H$2:$H$1031) | J30: 619 | K30: 46 | L30: 20 | M30: 25 | N30: =J30+K30+L30+M30 | O30: =IF(ISNUMBER(N30),N30,"") | P30: =_xlfn.RANK.EQ(O30,$O$2:$O$1031) | Q30: 273 | R30: 46 | S30: 22 | T30: 23 | U30: =Q30+R30+S30+T30 | V30: =IF(ISNUMBER(U30),U30,"") | W30: =_xlfn.RANK.EQ(V30,$V$2:$V$1031) | X30: 1508.7958 | Y30: 25 | Z30: 25 | AA30: 21 | AB30: =IF(ISNUMBER(X30),X30+N(Y30)+N(Z30)+N(AA30),X30) | AC30: =IF(ISNUMBER(AB30),AB30,"") | AD30: =IF(ISNUMBER(AC30),_xlfn.RANK.EQ(AC30,$AC$2:$AC$1031),"") | AE30: =IF(ISNUMBER(AF30),AF30/3630,"") | AF30: =IFERROR(C30+D30+E30+F30+J30+K30+L30+M30+Q30+R30+S30+T30+IF(ISNUMBER(X30),X30,0)+N(Y30)+N(Z30)+N(AA30),"") | AG30: =IF(ISNUMBER(AF30),AF30,"") | AH30: =IF(ISNUMBER(AG30),_xlfn.RANK.EQ(AG30,$AG$2:$AG$1031),"")
A31: 75 | B31: احمد شريف فتحي عبدالفتاح | C31: 595.7 | D31: 22 | E31: 25 | F31: 23 | G31: =C31+D31+E31+F31 | H31: =IF(ISNUMBER(G31),G31,"") | I31: =_xlfn.RANK.EQ(H31,$H$2:$H$1031) | J31: 615 | K31: 49 | L31: 21 | M31: 22 | N31: =J31+K31+L31+M31 | O31: =IF(ISNUMBER(N31),N31,"") | P31: =_xlfn.RANK.EQ(O31,$O$2:$O$1031) | Q31: 272 | R31: 46.5 | S31: 24 | T31: 25 | U31: =Q31+R31+S31+T31 | V31: =IF(ISNUMBER(U31),U31,"") | W31: =_xlfn.RANK.EQ(V31,$V$2:$V$1031) | X31: 1507.9667 | Y31: 25 | Z31: 25 | AA31: 23 | AB31: =IF(ISNUMBER(X31),X31+N(Y31)+N(Z31)+N(AA31),X31) | AC31: =IF(ISNUMBER(AB31),AB31,"") | AD31: =IF(ISNUMBER(AC31),_xlfn.RANK.EQ(AC31,$AC$2:$AC$1031),"") | AE31: =IF(ISNUMBER(AF31),AF31/3630,"") | AF31: =IFERROR(C31+D31+E31+F31+J31+K31+L31+M31+Q31+R31+S31+T31+IF(ISNUMBER(X31),X31,0)+N(Y31)+N(Z31)+N(AA31),"") | AG31: =IF(ISNUMBER(AF31),AF31,"") | AH31: =IF(ISNUMBER(AG31),_xlfn.RANK.EQ(AG31,$AG$2:$AG$1031),"")
A32: 76 | B32: احمد صابر السيد السعيد إبراهيم | C32: 598.1 | D32: 23 | E32: 24 | F32: 24 | G32: =C32+D32+E32+F32 | H32: =IF(ISNUMBER(G32),G32,"") | I32: =_xlfn.RANK.EQ(H32,$H$2:$H$1031) | J32: 617 | K32: 50 | L32: 23 | M32: 20 | N32: =J32+K32+L32+M32 | O32: =IF(ISNUMBER(N32),N32,"") | P32: =_xlfn.RANK.EQ(O32,$O$2:$O$1031) | Q32: 261 | R32: 47.5 | S32: 24 | T32: 25 | U32: =Q32+R32+S32+T32 | V32: =IF(ISNUMBER(U32),U32,"") | W32: =_xlfn.RANK.EQ(V32,$V$2:$V$1031) | X32: 1454.8833 | Y32: 24 | Z32: 24 | AA32: 25 | AB32: =IF(ISNUMBER(X32),X32+N(Y32)+N(Z32)+N(AA32),X32) | AC32: =IF(ISNUMBER(AB32),AB32,"") | AD32: =IF(ISNUMBER(AC32),_xlfn.RANK.EQ(AC32,$AC$2:$AC$1031),"") | AE32: =IF(ISNUMBER(AF32),AF32/3630,"") | AF32: =IFERROR(C32+D32+E32+F32+J32+K32+L32+M32+Q32+R32+S32+T32+IF(ISNUMBER(X32),X32,0)+N(Y32)+N(Z32)+N(AA32),"") | AG32: =IF(ISNUMBER(AF32),AF32,"") | AH32: =IF(ISNUMBER(AG32),_xlfn.RANK.EQ(AG32,$AG$2:$AG$1031),"")
A33: 77 | B33: احمد صبحى درويش محمد موسى عشيبة | C33: 525.8 | D33: 23 | E33: 25 | F33: 22 | G33: =C33+D33+E33+F33 | H33: =IF(ISNUMBER(G33),G33,"") | I33: =_xlfn.RANK.EQ(H33,$H$2:$H$1031) | J33: 562.5 | K33: 46 | L33: 21 | M33: 23 | N33: =J33+K33+L33+M33 | O33: =IF(ISNUMBER(N33),N33,"") | P33: =_xlfn.RANK.EQ(O33,$O$2:$O$1031) | Q33: 263.5 | R33: 46.5 | S33: 24 | T33: 25 | U33: =Q33+R33+S33+T33 | V33: =IF(ISNUMBER(U33),U33,"") | W33: =_xlfn.RANK.EQ(V33,$V$2:$V$1031) | X33: 1415.6875 | Y33: 24 | Z33: 24 | AA33: 23 | AB33: =IF(ISNUMBER(X33),X33+N(Y33)+N(Z33)+N(AA33),X33) | AC33: =IF(ISNUMBER(AB33),AB33,"") | AD33: =IF(ISNUMBER(AC33),_xlfn.RANK.EQ(AC33,$AC$2:$AC$1031),"") | AE33: =IF(ISNUMBER(AF33),AF33/3630,"") | AF33: =IFERROR(C33+D33+E33+F33+J33+K33+L33+M33+Q33+R33+S33+T33+IF(ISNUMBER(X33),X33,0)+N(Y33)+N(Z33)+N(AA33),"") | AG33: =IF(ISNUMBER(AF33),AF33,"") | AH33: =IF(ISNUMBER(AG33),_xlfn.RANK.EQ(AG33,$AG$2:$AG$1031),"")
A34: 78 | B34: احمد صبحي محمد ابراهيم | C34: 585.3 | D34: 25 | E34: 24 | F34: 19 | G34: =C34+D34+E34+F34 | H34: =IF(ISNUMBER(G34),G34,"") | I34: =_xlfn.RANK.EQ(H34,$H$2:$H$1031) | J34: 569 | K34: 38 | L34: 18 | M34: 19 | N34: =J34+K34+L34+M34 | O34: =IF(ISNUMBER(N34),N34,"") | P34: =_xlfn.RANK.EQ(O34,$O$2:$O$1031) | Q34: 221.5 | R34: 42.5 | S34: 23 | T34: 24 | U34: =Q34+R34+S34+T34 | V34: =IF(ISNUMBER(U34),U34,"") | W34: =_xlfn.RANK.EQ(V34,$V$2:$V$1031) | X34: 1426.6042 | Y34: 24 | Z34: 24 | AA34: 23 | AB34: =IF(ISNUMBER(X34),X34+N(Y34)+N(Z34)+N(AA34),X34) | AC34: =IF(ISNUMBER(AB34),AB34,"") | AD34: =IF(ISNUMBER(AC34),_xlfn.RANK.EQ(AC34,$AC$2:$AC$1031),"") | AE34: =IF(ISNUMBER(AF34),AF34/3630,"") | AF34: =IFERROR(C34+D34+E34+F34+J34+K34+L34+M34+Q34+R34+S34+T34+IF(ISNUMBER(X34),X34,0)+N(Y34)+N(Z34)+N(AA34),"") | AG34: =IF(ISNUMBER(AF34),AF34,"") | AH34: =IF(ISNUMBER(AG34),_xlfn.RANK.EQ(AG34,$AG$2:$AG$1031),"")
A35: 79 | B35: احمد صفوت عبد القادر عبد الله عوض | C35: 540.7 | D35: 23 | E35: 19 | F35: 17 | G35: =C35+D35+E35+F35 | H35: =IF(ISNUMBER(G35),G35,"") | I35: =_xlfn.RANK.EQ(H35,$H$2:$H$1031) | J35: 524 | K35: 47 | L35: 22 | M35: 17 | N35: =J35+K35+L35+M35 | O35: =IF(ISNUMBER(N35),N35,"") | P35: =_xlfn.RANK.EQ(O35,$O$2:$O$1031) | Q35: 210 | R35: 41 | S35: 20 | T35: 24 | U35: =Q35+R35+S35+T35 | V35: =IF(ISNUMBER(U35),U35,"") | W35: =_xlfn.RANK.EQ(V35,$V$2:$V$1031) | X35: 1222.3833 | Y35: 23 | Z35: 21 | AA35: 21 | AB35: =IF(ISNUMBER(X35),X35+N(Y35)+N(Z35)+N(AA35),X35) | AC35: =IF(ISNUMBER(AB35),AB35,"") | AD35: =IF(ISNUMBER(AC35),_xlfn.RANK.EQ(AC35,$AC$2:$AC$1031),"") | AE35: =IF(ISNUMBER(AF35),AF35/3630,"") | AF35: =IFERROR(C35+D35+E35+F35+J35+K35+L35+M35+Q35+R35+S35+T35+IF(ISNUMBER(X35),X35,0)+N(Y35)+N(Z35)+N(AA35),"") | AG35: =IF(ISNUMBER(AF35),AF35,"") | AH35: =IF(ISNUMBER(AG35),_xlfn.RANK.EQ(AG35,$AG$2:$AG$1031),"")
A36: 80 | B36: احمد طارق السيد عثمان | C36: 632.7 | D36: 23 | E36: 24 | F36: 24 | G36: =C36+D36+E36+F36 | H36: =IF(ISNUMBER(G36),G36,"") | I36: =_xlfn.RANK.EQ(H36,$H$2:$H$1031) | J36: 619 | K36: 46 | L36: 24 | M36: 24 | N36: =J36+K36+L36+M36 | O36: =IF(ISNUMBER(N36),N36,"") | P36: =_xlfn.RANK.EQ(O36,$O$2:$O$1031) | Q36: 279.5 | R36: 47.5 | S36: 25 | T36: 25 | U36: =Q36+R36+S36+T36 | V36: =IF(ISNUMBER(U36),U36,"") | W36: =_xlfn.RANK.EQ(V36,$V$2:$V$1031) | X36: 1501.1708 | Y36: 25 | Z36: 25 | AA36: 23 | AB36: =IF(ISNUMBER(X36),X36+N(Y36)+N(Z36)+N(AA36),X36) | AC36: =IF(ISNUMBER(AB36),AB36,"") | AD36: =IF(ISNUMBER(AC36),_xlfn.RANK.EQ(AC36,$AC$2:$AC$1031),"") | AE36: =IF(ISNUMBER(AF36),AF36/3630,"") | AF36: =IFERROR(C36+D36+E36+F36+J36+K36+L36+M36+Q36+R36+S36+T36+IF(ISNUMBER(X36),X36,0)+N(Y36)+N(Z36)+N(AA36),"") | AG36: =IF(ISNUMBER(AF36),AF36,"") | AH36: =IF(ISNUMBER(AG36),_xlfn.RANK.EQ(AG36,$AG$2:$AG$1031),"")
A37: 81 | B37: احمد طارق امين يونس عبيد | C37: 604.6 | D37: 25 | E37: 23 | F37: 22 | G37: =C37+D37+E37+F37 | H37: =IF(ISNUMBER(G37),G37,"") | I37: =_xlfn.RANK.EQ(H37,$H$2:$H$1031) | J37: 600.5 | K37: 47 | L37: 17 | M37: 20 | N37: =J37+K37+L37+M37 | O37: =IF(ISNUMBER(N37),N37,"") | P37: =_xlfn.RANK.EQ(O37,$O$2:$O$1031) | Q37: 243 | R37: 47.5 | S37: 25 | T37: 24 | U37: =Q37+R37+S37+T37 | V37: =IF(ISNUMBER(U37),U37,"") | W37: =_xlfn.RANK.EQ(V37,$V$2:$V$1031) | X37: 1399.7 | Y37: 25 | Z37: 24 | AA37: 23 | AB37: =IF(ISNUMBER(X37),X37+N(Y37)+N(Z37)+N(AA37),X37) | AC37: =IF(ISNUMBER(AB37),AB37,"") | AD37: =IF(ISNUMBER(AC37),_xlfn.RANK.EQ(AC37,$AC$2:$AC$1031),"") | AE37: =IF(ISNUMBER(AF37),AF37/3630,"") | AF37: =IFERROR(C37+D37+E37+F37+J37+K37+L37+M37+Q37+R37+S37+T37+IF(ISNUMBER(X37),X37,0)+N(Y37)+N(Z37)+N(AA37),"") | AG37: =IF(ISNUMBER(AF37),AF37,"") | AH37: =IF(ISNUMBER(AG37),_xlfn.RANK.EQ(AG37,$AG$2:$AG$1031),"")
A38: 82 | B38: احمد طاهر شعبان خليل | C38: 423.25 | D38: 12 | E38: 13 | F38: 13 | G38: =C38+D38+E38+F38 | H38: =IF(ISNUMBER(G38),G38,"") | I38: =_xlfn.RANK.EQ(H38,$H$2:$H$1031) | J38: 407.5 | K38: 36 | L38: 17 | M38: 24 | N38: =J38+K38+L38+M38 | O38: =IF(ISNUMBER(N38),N38,"") | P38: =_xlfn.RANK.EQ(O38,$O$2:$O$1031) | Q38: 147.5 | R38: 39.5 | S38: 22 | T38: 23 | U38: =Q38+R38+S38+T38 | V38: =IF(ISNUMBER(U38),U38,"") | W38: =_xlfn.RANK.EQ(V38,$V$2:$V$1031) | X38: راسب | Y38: 25 | Z38: 22 | AA38: 17 | AB38: =IF(ISNUMBER(X38),X38+N(Y38)+N(Z38)+N(AA38),X38) | AC38: =IF(ISNUMBER(AB38),AB38,"") | AD38: =IF(ISNUMBER(AC38),_xlfn.RANK.EQ(AC38,$AC$2:$AC$1031),"") | AE38: =IF(ISNUMBER(AF38),AF38/3630,"") | AF38: =IFERROR(C38+D38+E38+F38+J38+K38+L38+M38+Q38+R38+S38+T38+IF(ISNUMBER(X38),X38,0)+N(Y38)+N(Z38)+N(AA38),"") | AG38: =IF(ISNUMBER(AF38),AF38,"") | AH38: =IF(ISNUMBER(AG38),_xlfn.RANK.EQ(AG38,$AG$2:$AG$1031),"")
A39: 83 | B39: احمد عبد الباسط سعد عبد اللطيف | C39: 571.8 | D39: 23 | E39: 19 | F39: 21.5 | G39: =C39+D39+E39+F39 | H39: =IF(ISNUMBER(G39),G39,"") | I39: =_xlfn.RANK.EQ(H39,$H$2:$H$1031) | J39: 578.5 | K39: 46 | L39: 22 | M39: 22 | N39: =J39+K39+L39+M39 | O39: =IF(ISNUMBER(N39),N39,"") | P39: =_xlfn.RANK.EQ(O39,$O$2:$O$1031) | Q39: 252 | R39: 45.5 | S39: 24 | T39: 24.5 | U39: =Q39+R39+S39+T39 | V39: =IF(ISNUMBER(U39),U39,"") | W39: =_xlfn.RANK.EQ(V39,$V$2:$V$1031) | X39: 1389.675 | Y39: 24 | Z39: 24 | AA39: 22 | AB39: =IF(ISNUMBER(X39),X39+N(Y39)+N(Z39)+N(AA39),X39) | AC39: =IF(ISNUMBER(AB39),AB39,"") | AD39: =IF(ISNUMBER(AC39),_xlfn.RANK.EQ(AC39,$AC$2:$AC$1031),"") | AE39: =IF(ISNUMBER(AF39),AF39/3630,"") | AF39: =IFERROR(C39+D39+E39+F39+J39+K39+L39+M39+Q39+R39+S39+T39+IF(ISNUMBER(X39),X39,0)+N(Y39)+N(Z39)+N(AA39),"") | AG39: =IF(ISNUMBER(AF39),AF39,"") | AH39: =IF(ISNUMBER(AG39),_xlfn.RANK.EQ(AG39,$AG$2:$AG$1031),"")
A40: 85 | B40: احمد عبد السلام السعيد الصياد | C40: 593.4 | D40: 22 | E40: 19 | F40: 25 | G40: =C40+D40+E40+F40 | H40: =IF(ISNUMBER(G40),G40,"") | I40: =_xlfn.RANK.EQ(H40,$H$2:$H$1031) | J40: 615.5 | K40: 48 | L40: 20 | M40: 22 | N40: =J40+K40+L40+M40 | O40: =IF(ISNUMBER(N40),N40,"") | P40: =_xlfn.RANK.EQ(O40,$O$2:$O$1031) | Q40: 252 | R40: 45 | S40: 21 | T40: 22.5 | U40: =Q40+R40+S40+T40 | V40: =IF(ISNUMBER(U40),U40,"") | W40: =_xlfn.RANK.EQ(V40,$V$2:$V$1031) | X40: 1335.4792 | Y40: 24 | Z40: 22 | AA40: 19 | AB40: =IF(ISNUMBER(X40),X40+N(Y40)+N(Z40)+N(AA40),X40) | AC40: =IF(ISNUMBER(AB40),AB40,"") | AD40: =IF(ISNUMBER(AC40),_xlfn.RANK.EQ(AC40,$AC$2:$AC$1031),"") | AE40: =IF(ISNUMBER(AF40),AF40/3630,"") | AF40: =IFERROR(C40+D40+E40+F40+J40+K40+L40+M40+Q40+R40+S40+T40+IF(ISNUMBER(X40),X40,0)+N(Y40)+N(Z40)+N(AA40),"") | AG40: =IF(ISNUMBER(AF40),AF40,"") | AH40: =IF(ISNUMBER(AG40),_xlfn.RANK.EQ(AG40,$AG$2:$AG$1031),"")
A41: 89 | B41: احمد عبد الناصر عبد السيد شاهين | C41: 584 | D41: 22 | E41: 17 | F41: 17 | G41: =C41+D41+E41+F41 | H41: =IF(ISNUMBER(G41),G41,"") | I41: =_xlfn.RANK.EQ(H41,$H$2:$H$1031) | J41: 616.7 | K41: 47 | L41: 20 | M41: 20 | N41: =J41+K41+L41+M41 | O41: =IF(ISNUMBER(N41),N41,"") | P41: =_xlfn.RANK.EQ(O41,$O$2:$O$1031) | Q41: 276 | R41: 45 | S41: 21 | T41: 21.5 | U41: =Q41+R41+S41+T41 | V41: =IF(ISNUMBER(U41),U41,"") | W41: =_xlfn.RANK.EQ(V41,$V$2:$V$1031) | X41: 1543.0792 | Y41: 24 | Z41: 24 | AA41: 23 | AB41: =IF(ISNUMBER(X41),X41+N(Y41)+N(Z41)+N(AA41),X41) | AC41: =IF(ISNUMBER(AB41),AB41,"") | AD41: =IF(ISNUMBER(AC41),_xlfn.RANK.EQ(AC41,$AC$2:$AC$1031),"") | AE41: =IF(ISNUMBER(AF41),AF41/3630,"") | AF41: =IFERROR(C41+D41+E41+F41+J41+K41+L41+M41+Q41+R41+S41+T41+IF(ISNUMBER(X41),X41,0)+N(Y41)+N(Z41)+N(AA41),"") | AG41: =IF(ISNUMBER(AF41),AF41,"") | AH41: =IF(ISNUMBER(AG41),_xlfn.RANK.EQ(AG41,$AG$2:$AG$1031),"")
A42: 90 | B42: احمد عصام احمد على عبدالمطلب | C42: 450 | D42: 21 | E42: 19 | F42: 15 | G42: =C42+D42+E42+F42 | H42: =IF(ISNUMBER(G42),G42,"") | I42: =_xlfn.RANK.EQ(H42,$H$2:$H$1031) | J42: 441.7 | K42: 25 | L42: 16 | M42: 8 | N42: =J42+K42+L42+M42 | O42: =IF(ISNUMBER(N42),N42,"") | P42: =_xlfn.RANK.EQ(O42,$O$2:$O$1031) | Q42: راسب | R42: 35.5 | S42: 20 | T42: 22.5 | U42: =Q42+R42+S42+T42 | V42: =IF(ISNUMBER(U42),U42,"") | W42: =_xlfn.RANK.EQ(V42,$V$2:$V$1031) | X42: راسب | Y42: 15 | Z42: 20 | AA42: 24 | AB42: =IF(ISNUMBER(X42),X42+N(Y42)+N(Z42)+N(AA42),X42) | AC42: =IF(ISNUMBER(AB42),AB42,"") | AD42: =IF(ISNUMBER(AC42),_xlfn.RANK.EQ(AC42,$AC$2:$AC$1031),"") | AE42: =IF(ISNUMBER(AF42),AF42/3630,"") | AF42: =IFERROR(C42+D42+E42+F42+J42+K42+L42+M42+Q42+R42+S42+T42+IF(ISNUMBER(X42),X42,0)+N(Y42)+N(Z42)+N(AA42),"") | AG42: =IF(ISNUMBER(AF42),AF42,"") | AH42: =IF(ISNUMBER(AG42),_xlfn.RANK.EQ(AG42,$AG$2:$AG$1031),"")
A43: 91 | B43: احمد عصام محمد الشيخ | C43: 638.6 | D43: 25 | E43: 24 | F43: 24 | G43: =C43+D43+E43+F43 | H43: =IF(ISNUMBER(G43),G43,"") | I43: =_xlfn.RANK.EQ(H43,$H$2:$H$1031) | J43: 631 | K43: 49 | L43: 23 | M43: 25 | N43: =J43+K43+L43+M43 | O43: =IF(ISNUMBER(N43),N43,"") | P43: =_xlfn.RANK.EQ(O43,$O$2:$O$1031) | Q43: 283 | R43: 48.5 | S43: 25 | T43: 25 | U43: =Q43+R43+S43+T43 | V43: =IF(ISNUMBER(U43),U43,"") | W43: =_xlfn.RANK.EQ(V43,$V$2:$V$1031) | X43: 1577.8792 | Y43: 24.5 | Z43: 25 | AA43: 25 | AB43: =IF(ISNUMBER(X43),X43+N(Y43)+N(Z43)+N(AA43),X43) | AC43: =IF(ISNUMBER(AB43),AB43,"") | AD43: =IF(ISNUMBER(AC43),_xlfn.RANK.EQ(AC43,$AC$2:$AC$1031),"") | AE43: =IF(ISNUMBER(AF43),AF43/3630,"") | AF43: =IFERROR(C43+D43+E43+F43+J43+K43+L43+M43+Q43+R43+S43+T43+IF(ISNUMBER(X43),X43,0)+N(Y43)+N(Z43)+N(AA43),"") | AG43: =IF(ISNUMBER(AF43),AF43,"") | AH43: =IF(ISNUMBER(AG43),_xlfn.RANK.EQ(AG43,$AG$2:$AG$1031),"")
A44: 93 | B44: احمد عصام محمود عبدالحميد الرسول | C44: 550.6 | D44: 22 | E44: 23 | F44: 22 | G44: =C44+D44+E44+F44 | H44: =IF(ISNUMBER(G44),G44,"") | I44: =_xlfn.RANK.EQ(H44,$H$2:$H$1031) | J44: 549.5 | K44: 39 | L44: 20 | M44: 19 | N44: =J44+K44+L44+M44 | O44: =IF(ISNUMBER(N44),N44,"") | P44: =_xlfn.RANK.EQ(O44,$O$2:$O$1031) | Q44: راسب | S44: 22 | T44: 23.5 | U44: =Q44+R44+S44+T44 | V44: =IF(ISNUMBER(U44),U44,"") | W44: =_xlfn.RANK.EQ(V44,$V$2:$V$1031) | X44: 1295.8833 | Y44: 25 | Z44: 25 | AA44: 24 | AB44: =IF(ISNUMBER(X44),X44+N(Y44)+N(Z44)+N(AA44),X44) | AC44: =IF(ISNUMBER(AB44),AB44,"") | AD44: =IF(ISNUMBER(AC44),_xlfn.RANK.EQ(AC44,$AC$2:$AC$1031),"") | AE44: =IF(ISNUMBER(AF44),AF44/3630,"") | AF44: =IFERROR(C44+D44+E44+F44+J44+K44+L44+M44+Q44+R44+S44+T44+IF(ISNUMBER(X44),X44,0)+N(Y44)+N(Z44)+N(AA44),"") | AG44: =IF(ISNUMBER(AF44),AF44,"") | AH44: =IF(ISNUMBER(AG44),_xlfn.RANK.EQ(AG44,$AG$2:$AG$1031),"")
A45: 95 | B45: احمد علاء كامل محمد علي جنيدي | C45: 539.8 | D45: 21 | E45: 20 | F45: 20 | G45: =C45+D45+E45+F45 | H45: =IF(ISNUMBER(G45),G45,"") | I45: =_xlfn.RANK.EQ(H45,$H$2:$H$1031) | J45: 531 | K45: 49 | L45: 20 | M45: 25 | N45: =J45+K45+L45+M45 | O45: =IF(ISNUMBER(N45),N45,"") | P45: =_xlfn.RANK.EQ(O45,$O$2:$O$1031) | Q45: 222 | R45: 48 | S45: 25 | T45: 18 | U45: =Q45+R45+S45+T45 | V45: =IF(ISNUMBER(U45),U45,"") | W45: =_xlfn.RANK.EQ(V45,$V$2:$V$1031) | X45: 1413.05 | Y45: 25 | Z45: 25 | AA45: 21 | AB45: =IF(ISNUMBER(X45),X45+N(Y45)+N(Z45)+N(AA45),X45) | AC45: =IF(ISNUMBER(AB45),AB45,"") | AD45: =IF(ISNUMBER(AC45),_xlfn.RANK.EQ(AC45,$AC$2:$AC$1031),"") | AE45: =IF(ISNUMBER(AF45),AF45/3630,"") | AF45: =IFERROR(C45+D45+E45+F45+J45+K45+L45+M45+Q45+R45+S45+T45+IF(ISNUMBER(X45),X45,0)+N(Y45)+N(Z45)+N(AA45),"") | AG45: =IF(ISNUMBER(AF45),AF45,"") | AH45: =IF(ISNUMBER(AG45),_xlfn.RANK.EQ(AG45,$AG$2:$AG$1031),"")
A46: 97 | B46: احمد عماد الدين شاكر مصطفى | C46: 413.75 | D46: 15 | E46: 13 | F46: 18 | G46: =C46+D46+E46+F46 | H46: =IF(ISNUMBER(G46),G46,"") | I46: =_xlfn.RANK.EQ(H46,$H$2:$H$1031) | J46: 480.7 | K46: 46 | L46: 18 | M46: 15 | N46: =J46+K46+L46+M46 | O46: =IF(ISNUMBER(N46),N46,"") | P46: =_xlfn.RANK.EQ(O46,$O$2:$O$1031) | Q46: راسب | R46: 31 | S46: 25 | T46: 24 | U46: =Q46+R46+S46+T46 | V46: =IF(ISNUMBER(U46),U46,"") | W46: =_xlfn.RANK.EQ(V46,$V$2:$V$1031) | X46: راسب | Y46: 23 | Z46: 25 | AA46: 22 | AB46: =IF(ISNUMBER(X46),X46+N(Y46)+N(Z46)+N(AA46),X46) | AC46: =IF(ISNUMBER(AB46),AB46,"") | AD46: =IF(ISNUMBER(AC46),_xlfn.RANK.EQ(AC46,$AC$2:$AC$1031),"") | AE46: =IF(ISNUMBER(AF46),AF46/3630,"") | AF46: =IFERROR(C46+D46+E46+F46+J46+K46+L46+M46+Q46+R46+S46+T46+IF(ISNUMBER(X46),X46,0)+N(Y46)+N(Z46)+N(AA46),"") | AG46: =IF(ISNUMBER(AF46),AF46,"") | AH46: =IF(ISNUMBER(AG46),_xlfn.RANK.EQ(AG46,$AG$2:$AG$1031),"")
A47: 100 | B47: احمد عمرو عبد العظيم حبيب | C47: 578.6 | D47: 22 | E47: 22 | F47: 18 | G47: =C47+D47+E47+F47 | H47: =IF(ISNUMBER(G47),G47,"") | I47: =_xlfn.RANK.EQ(H47,$H$2:$H$1031) | J47: 599.1 | K47: 42 | L47: 20 | M47: 22 | N47: =J47+K47+L47+M47 | O47: =IF(ISNUMBER(N47),N47,"") | P47: =_xlfn.RANK.EQ(O47,$O$2:$O$1031) | Q47: 270.5 | R47: 41 | S47: 24 | T47: 23.5 | U47: =Q47+R47+S47+T47 | V47: =IF(ISNUMBER(U47),U47,"") | W47: =_xlfn.RANK.EQ(V47,$V$2:$V$1031) | X47: 1516.05 | Y47: 24.5 | Z47: 21 | AA47: 20 | AB47: =IF(ISNUMBER(X47),X47+N(Y47)+N(Z47)+N(AA47),X47) | AC47: =IF(ISNUMBER(AB47),AB47,"") | AD47: =IF(ISNUMBER(AC47),_xlfn.RANK.EQ(AC47,$AC$2:$AC$1031),"") | AE47: =IF(ISNUMBER(AF47),AF47/3630,"") | AF47: =IFERROR(C47+D47+E47+F47+J47+K47+L47+M47+Q47+R47+S47+T47+IF(ISNUMBER(X47),X47,0)+N(Y47)+N(Z47)+N(AA47),"") | AG47: =IF(ISNUMBER(AF47),AF47,"") | AH47: =IF(ISNUMBER(AG47),_xlfn.RANK.EQ(AG47,$AG$2:$AG$1031),"")
A48: 101 | B48: احمد عيد عبدالمقصود محمد جادالله | C48: 609.1 | D48: 24 | E48: 20 | F48: 19 | G48: =C48+D48+E48+F48 | H48: =IF(ISNUMBER(G48),G48,"") | I48: =_xlfn.RANK.EQ(H48,$H$2:$H$1031) | J48: 572.5 | K48: 45 | L48: 19 | M48: 17 | N48: =J48+K48+L48+M48 | O48: =IF(ISNUMBER(N48),N48,"") | P48: =_xlfn.RANK.EQ(O48,$O$2:$O$1031) | Q48: 243 | R48: 44 | S48: 19 | T48: 24.5 | U48: =Q48+R48+S48+T48 | V48: =IF(ISNUMBER(U48),U48,"") | W48: =_xlfn.RANK.EQ(V48,$V$2:$V$1031) | X48: 1454.75 | Y48: 24 | Z48: 25 | AA48: 22 | AB48: =IF(ISNUMBER(X48),X48+N(Y48)+N(Z48)+N(AA48),X48) | AC48: =IF(ISNUMBER(AB48),AB48,"") | AD48: =IF(ISNUMBER(AC48),_xlfn.RANK.EQ(AC48,$AC$2:$AC$1031),"") | AE48: =IF(ISNUMBER(AF48),AF48/3630,"") | AF48: =IFERROR(C48+D48+E48+F48+J48+K48+L48+M48+Q48+R48+S48+T48+IF(ISNUMBER(X48),X48,0)+N(Y48)+N(Z48)+N(AA48),"") | AG48: =IF(ISNUMBER(AF48),AF48,"") | AH48: =IF(ISNUMBER(AG48),_xlfn.RANK.EQ(AG48,$AG$2:$AG$1031),"")
A49: 107 | B49: احمد فرج الله خضر احمد عبد العال | C49: 628.6 | D49: 25 | E49: 24 | F49: 25 | G49: =C49+D49+E49+F49 | H49: =IF(ISNUMBER(G49),G49,"") | I49: =_xlfn.RANK.EQ(H49,$H$2:$H$1031) | J49: 611.4 | K49: 50 | L49: 21 | M49: 22 | N49: =J49+K49+L49+M49 | O49: =IF(ISNUMBER(N49),N49,"") | P49: =_xlfn.RANK.EQ(O49,$O$2:$O$1031) | Q49: 271 | R49: 47.5 | S49: 25 | T49: 24.5 | U49: =Q49+R49+S49+T49 | V49: =IF(ISNUMBER(U49),U49,"") | W49: =_xlfn.RANK.EQ(V49,$V$2:$V$1031) | X49: 1485.8458 | Y49: 24.5 | Z49: 25 | AA49: 24 | AB49: =IF(ISNUMBER(X49),X49+N(Y49)+N(Z49)+N(AA49),X49) | AC49: =IF(ISNUMBER(AB49),AB49,"") | AD49: =IF(ISNUMBER(AC49),_xlfn.RANK.EQ(AC49,$AC$2:$AC$1031),"") | AE49: =IF(ISNUMBER(AF49),AF49/3630,"") | AF49: =IFERROR(C49+D49+E49+F49+J49+K49+L49+M49+Q49+R49+S49+T49+IF(ISNUMBER(X49),X49,0)+N(Y49)+N(Z49)+N(AA49),"") | AG49: =IF(ISNUMBER(AF49),AF49,"") | AH49: =IF(ISNUMBER(AG49),_xlfn.RANK.EQ(AG49,$AG$2:$AG$1031),"")
A50: 109 | B50: احمد كارم محمود السيد الجميعى | C50: 591.1 | D50: 23 | E50: 24 | F50: 21 | G50: =C50+D50+E50+F50 | H50: =IF(ISNUMBER(G50),G50,"") | I50: =_xlfn.RANK.EQ(H50,$H$2:$H$1031) | J50: 600.3 | K50: 48 | L50: 22 | M50: 24 | N50: =J50+K50+L50+M50 | O50: =IF(ISNUMBER(N50),N50,"") | P50: =_xlfn.RANK.EQ(O50,$O$2:$O$1031) | Q50: 264 | R50: 48 | S50: 23 | T50: 23.5 | U50: =Q50+R50+S50+T50 | V50: =IF(ISNUMBER(U50),U50,"") | W50: =_xlfn.RANK.EQ(V50,$V$2:$V$1031) | X50: 1493.0167 | Y50: 25 | Z50: 22.5 | AA50: 23 | AB50: =IF(ISNUMBER(X50),X50+N(Y50)+N(Z50)+N(AA50),X50) | AC50: =IF(ISNUMBER(AB50),AB50,"") | AD50: =IF(ISNUMBER(AC50),_xlfn.RANK.EQ(AC50,$AC$2:$AC$1031),"") | AE50: =IF(ISNUMBER(AF50),AF50/3630,"") | AF50: =IFERROR(C50+D50+E50+F50+J50+K50+L50+M50+Q50+R50+S50+T50+IF(ISNUMBER(X50),X50,0)+N(Y50)+N(Z50)+N(AA50),"") | AG50: =IF(ISNUMBER(AF50),AF50,"") | AH50: =IF(ISNUMBER(AG50),_xlfn.RANK.EQ(AG50,$AG$2:$AG$1031),"")
A51: 110 | B51: احمد كريم ابراهيم خليل شرشر | C51: 460.25 | D51: 19 | E51: 17 | F51: 23 | G51: =C51+D51+E51+F51 | H51: =IF(ISNUMBER(G51),G51,"") | I51: =_xlfn.RANK.EQ(H51,$H$2:$H$1031) | J51: 421.2 | K51: 49 | L51: 20 | M51: 18 | N51: =J51+K51+L51+M51 | O51: =IF(ISNUMBER(N51),N51,"") | P51: =_xlfn.RANK.EQ(O51,$O$2:$O$1031) | Q51: 199.75 | R51: 41.5 | S51: 24 | T51: 21.5 | U51: =Q51+R51+S51+T51 | V51: =IF(ISNUMBER(U51),U51,"") | W51: =_xlfn.RANK.EQ(V51,$V$2:$V$1031) | X51: راسب | Y51: 24 | Z51: 22 | AA51: 14 | AB51: =IF(ISNUMBER(X51),X51+N(Y51)+N(Z51)+N(AA51),X51) | AC51: =IF(ISNUMBER(AB51),AB51,"") | AD51: =IF(ISNUMBER(AC51),_xlfn.RANK.EQ(AC51,$AC$2:$AC$1031),"") | AE51: =IF(ISNUMBER(AF51),AF51/3630,"") | AF51: =IFERROR(C51+D51+E51+F51+J51+K51+L51+M51+Q51+R51+S51+T51+IF(ISNUMBER(X51),X51,0)+N(Y51)+N(Z51)+N(AA51),"") | AG51: =IF(ISNUMBER(AF51),AF51,"") | AH51: =IF(ISNUMBER(AG51),_xlfn.RANK.EQ(AG51,$AG$2:$AG$1031),"")
A52: 112 | B52: احمد ماهر ابراهيم الدسوقى محمد الشحات | C52: 604.6 | D52: 25 | E52: 25 | F52: 24 | G52: =C52+D52+E52+F52 | H52: =IF(ISNUMBER(G52),G52,"") | I52: =_xlfn.RANK.EQ(H52,$H$2:$H$1031) | J52: 604.9 | K52: 48 | L52: 21 | M52: 22 | N52: =J52+K52+L52+M52 | O52: =IF(ISNUMBER(N52),N52,"") | P52: =_xlfn.RANK.EQ(O52,$O$2:$O$1031) | Q52: 279 | R52: 48.5 | S52: 25 | T52: 24 | U52: =Q52+R52+S52+T52 | V52: =IF(ISNUMBER(U52),U52,"") | W52: =_xlfn.RANK.EQ(V52,$V$2:$V$1031) | X52: 1474.2 | Y52: 25 | Z52: 24 | AA52: 23 | AB52: =IF(ISNUMBER(X52),X52+N(Y52)+N(Z52)+N(AA52),X52) | AC52: =IF(ISNUMBER(AB52),AB52,"") | AD52: =IF(ISNUMBER(AC52),_xlfn.RANK.EQ(AC52,$AC$2:$AC$1031),"") | AE52: =IF(ISNUMBER(AF52),AF52/3630,"") | AF52: =IFERROR(C52+D52+E52+F52+J52+K52+L52+M52+Q52+R52+S52+T52+IF(ISNUMBER(X52),X52,0)+N(Y52)+N(Z52)+N(AA52),"") | AG52: =IF(ISNUMBER(AF52),AF52,"") | AH52: =IF(ISNUMBER(AG52),_xlfn.RANK.EQ(AG52,$AG$2:$AG$1031),"")
A53: 115 | B53: احمد متولي محمد متولي | C53: 512.9 | D53: 22 | E53: 22 | F53: 22 | G53: =C53+D53+E53+F53 | H53: =IF(ISNUMBER(G53),G53,"") | I53: =_xlfn.RANK.EQ(H53,$H$2:$H$1031) | J53: 534.6 | K53: 35 | L53: 23 | M53: 18 | N53: =J53+K53+L53+M53 | O53: =IF(ISNUMBER(N53),N53,"") | P53: =_xlfn.RANK.EQ(O53,$O$2:$O$1031) | Q53: 206 | R53: 38 | S53: 21 | T53: 21.5 | U53: =Q53+R53+S53+T53 | V53: =IF(ISNUMBER(U53),U53,"") | W53: =_xlfn.RANK.EQ(V53,$V$2:$V$1031) | X53: 1139.2208 | Y53: 21 | Z53: 21 | AA53: 18 | AB53: =IF(ISNUMBER(X53),X53+N(Y53)+N(Z53)+N(AA53),X53) | AC53: =IF(ISNUMBER(AB53),AB53,"") | AD53: =IF(ISNUMBER(AC53),_xlfn.RANK.EQ(AC53,$AC$2:$AC$1031),"") | AE53: =IF(ISNUMBER(AF53),AF53/3630,"") | AF53: =IFERROR(C53+D53+E53+F53+J53+K53+L53+M53+Q53+R53+S53+T53+IF(ISNUMBER(X53),X53,0)+N(Y53)+N(Z53)+N(AA53),"") | AG53: =IF(ISNUMBER(AF53),AF53,"") | AH53: =IF(ISNUMBER(AG53),_xlfn.RANK.EQ(AG53,$AG$2:$AG$1031),"")
A54: 117 | B54: احمد محمد محمد سعد | C54: 614.6 | D54: 23 | E54: 23 | F54: 22 | G54: =C54+D54+E54+F54 | H54: =IF(ISNUMBER(G54),G54,"") | I54: =_xlfn.RANK.EQ(H54,$H$2:$H$1031) | J54: 611.7 | K54: 48 | L54: 21 | M54: 23 | N54: =J54+K54+L54+M54 | O54: =IF(ISNUMBER(N54),N54,"") | P54: =_xlfn.RANK.EQ(O54,$O$2:$O$1031) | Q54: 265.5 | R54: 47.5 | S54: 25 | T54: 22.5 | U54: =Q54+R54+S54+T54 | V54: =IF(ISNUMBER(U54),U54,"") | W54: =_xlfn.RANK.EQ(V54,$V$2:$V$1031) | X54: 1435.9125 | Y54: 24 | Z54: 23 | AA54: 24 | AB54: =IF(ISNUMBER(X54),X54+N(Y54)+N(Z54)+N(AA54),X54) | AC54: =IF(ISNUMBER(AB54),AB54,"") | AD54: =IF(ISNUMBER(AC54),_xlfn.RANK.EQ(AC54,$AC$2:$AC$1031),"") | AE54: =IF(ISNUMBER(AF54),AF54/3630,"") | AF54: =IFERROR(C54+D54+E54+F54+J54+K54+L54+M54+Q54+R54+S54+T54+IF(ISNUMBER(X54),X54,0)+N(Y54)+N(Z54)+N(AA54),"") | AG54: =IF(ISNUMBER(AF54),AF54,"") | AH54: =IF(ISNUMBER(AG54),_xlfn.RANK.EQ(AG54,$AG$2:$AG$1031),"")
A55: 118 | B55: احمد محمد ابراهيم شومان | C55: 648.1 | D55: 25 | E55: 24 | F55: 24 | G55: =C55+D55+E55+F55 | H55: =IF(ISNUMBER(G55),G55,"") | I55: =_xlfn.RANK.EQ(H55,$H$2:$H$1031) | J55: 631.5 | K55: 47 | L55: 22 | M55: 20 | N55: =J55+K55+L55+M55 | O55: =IF(ISNUMBER(N55),N55,"") | P55: =_xlfn.RANK.EQ(O55,$O$2:$O$1031) | Q55: 272 | R55: 46.5 | S55: 24 | T55: 25 | U55: =Q55+R55+S55+T55 | V55: =IF(ISNUMBER(U55),U55,"") | W55: =_xlfn.RANK.EQ(V55,$V$2:$V$1031) | X55: 1513.95 | Y55: 24 | Z55: 21.5 | AA55: 25 | AB55: =IF(ISNUMBER(X55),X55+N(Y55)+N(Z55)+N(AA55),X55) | AC55: =IF(ISNUMBER(AB55),AB55,"") | AD55: =IF(ISNUMBER(AC55),_xlfn.RANK.EQ(AC55,$AC$2:$AC$1031),"") | AE55: =IF(ISNUMBER(AF55),AF55/3630,"") | AF55: =IFERROR(C55+D55+E55+F55+J55+K55+L55+M55+Q55+R55+S55+T55+IF(ISNUMBER(X55),X55,0)+N(Y55)+N(Z55)+N(AA55),"") | AG55: =IF(ISNUMBER(AF55),AF55,"") | AH55: =IF(ISNUMBER(AG55),_xlfn.RANK.EQ(AG55,$AG$2:$AG$1031),"")
A56: 119 | B56: احمد محمد ابراهيم محمد اسماعيل | C56: راسب | E56: 17 | F56: 16.5 | G56: =C56+D56+E56+F56 | H56: =IF(ISNUMBER(G56),G56,"") | I56: =_xlfn.RANK.EQ(H56,$H$2:$H$1031) | J56: 415 | K56: 33 | L56: 21 | M56: 22 | N56: =J56+K56+L56+M56 | O56: =IF(ISNUMBER(N56),N56,"") | P56: =_xlfn.RANK.EQ(O56,$O$2:$O$1031) | Q56: 82.75 | R56: 38 | S56: 23 | T56: 19.5 | U56: =Q56+R56+S56+T56 | V56: =IF(ISNUMBER(U56),U56,"") | W56: =_xlfn.RANK.EQ(V56,$V$2:$V$1031) | X56: راسب | Y56: 23 | Z56: 9.5 | AA56: 18 | AB56: =IF(ISNUMBER(X56),X56+N(Y56)+N(Z56)+N(AA56),X56) | AC56: =IF(ISNUMBER(AB56),AB56,"") | AD56: =IF(ISNUMBER(AC56),_xlfn.RANK.EQ(AC56,$AC$2:$AC$1031),"") | AE56: =IF(ISNUMBER(AF56),AF56/3630,"") | AF56: =IFERROR(C56+D56+E56+F56+J56+K56+L56+M56+Q56+R56+S56+T56+IF(ISNUMBER(X56),X56,0)+N(Y56)+N(Z56)+N(AA56),"") | AG56: =IF(ISNUMBER(AF56),AF56,"") | AH56: =IF(ISNUMBER(AG56),_xlfn.RANK.EQ(AG56,$AG$2:$AG$1031),"")
A57: 120 | B57: احمد محمد احمد الشيخ محمد سعد | C57: 618.7 | D57: 25 | E57: 23 | F57: 22 | G57: =C57+D57+E57+F57 | H57: =IF(ISNUMBER(G57),G57,"") | I57: =_xlfn.RANK.EQ(H57,$H$2:$H$1031) | J57: 620.1 | K57: 49 | L57: 22 | M57: 23 | N57: =J57+K57+L57+M57 | O57: =IF(ISNUMBER(N57),N57,"") | P57: =_xlfn.RANK.EQ(O57,$O$2:$O$1031) | Q57: 271.5 | R57: 48.5 | S57: 23 | T57: 25 | U57: =Q57+R57+S57+T57 | V57: =IF(ISNUMBER(U57),U57,"") | W57: =_xlfn.RANK.EQ(V57,$V$2:$V$1031) | X57: 1556.0417 | Y57: 25 | Z57: 24.5 | AA57: 24 | AB57: =IF(ISNUMBER(X57),X57+N(Y57)+N(Z57)+N(AA57),X57) | AC57: =IF(ISNUMBER(AB57),AB57,"") | AD57: =IF(ISNUMBER(AC57),_xlfn.RANK.EQ(AC57,$AC$2:$AC$1031),"") | AE57: =IF(ISNUMBER(AF57),AF57/3630,"") | AF57: =IFERROR(C57+D57+E57+F57+J57+K57+L57+M57+Q57+R57+S57+T57+IF(ISNUMBER(X57),X57,0)+N(Y57)+N(Z57)+N(AA57),"") | AG57: =IF(ISNUMBER(AF57),AF57,"") | AH57: =IF(ISNUMBER(AG57),_xlfn.RANK.EQ(AG57,$AG$2:$AG$1031),"")
A58: 122 | B58: احمد محمد احمد عبد الهادى اسماعيل | C58: 647.5 | D58: 24 | E58: 25 | F58: 25 | G58: =C58+D58+E58+F58 | H58: =IF(ISNUMBER(G58),G58,"") | I58: =_xlfn.RANK.EQ(H58,$H$2:$H$1031) | J58: 637.6 | K58: 49 | L58: 23 | M58: 23 | N58: =J58+K58+L58+M58 | O58: =IF(ISNUMBER(N58),N58,"") | P58: =_xlfn.RANK.EQ(O58,$O$2:$O$1031) | Q58: 288 | R58: 47.5 | S58: 25 | T58: 23 | U58: =Q58+R58+S58+T58 | V58: =IF(ISNUMBER(U58),U58,"") | W58: =_xlfn.RANK.EQ(V58,$V$2:$V$1031) | X58: 1592.0833 | Y58: 24.5 | Z58: 23.75 | AA58: 25 | AB58: =IF(ISNUMBER(X58),X58+N(Y58)+N(Z58)+N(AA58),X58) | AC58: =IF(ISNUMBER(AB58),AB58,"") | AD58: =IF(ISNUMBER(AC58),_xlfn.RANK.EQ(AC58,$AC$2:$AC$1031),"") | AE58: =IF(ISNUMBER(AF58),AF58/3630,"") | AF58: =IFERROR(C58+D58+E58+F58+J58+K58+L58+M58+Q58+R58+S58+T58+IF(ISNUMBER(X58),X58,0)+N(Y58)+N(Z58)+N(AA58),"") | AG58: =IF(ISNUMBER(AF58),AF58,"") | AH58: =IF(ISNUMBER(AG58),_xlfn.RANK.EQ(AG58,$AG$2:$AG$1031),"")
A59: 124 | B59: احمد محمد احمد مبروك زعيتر | C59: 632.1 | D59: 25 | E59: 25 | F59: 25 | G59: =C59+D59+E59+F59 | H59: =IF(ISNUMBER(G59),G59,"") | I59: =_xlfn.RANK.EQ(H59,$H$2:$H$1031) | J59: 610.5 | K59: 49 | L59: 22 | M59: 22 | N59: =J59+K59+L59+M59 | O59: =IF(ISNUMBER(N59),N59,"") | P59: =_xlfn.RANK.EQ(O59,$O$2:$O$1031) | Q59: 271 | R59: 49.5 | S59: 24 | T59: 24 | U59: =Q59+R59+S59+T59 | V59: =IF(ISNUMBER(U59),U59,"") | W59: =_xlfn.RANK.EQ(V59,$V$2:$V$1031) | X59: غ ب | Y59: 24 | Z59: 24 | AA59: 25 | AB59: =IF(ISNUMBER(X59),X59+N(Y59)+N(Z59)+N(AA59),X59) | AC59: =IF(ISNUMBER(AB59),AB59,"") | AD59: =IF(ISNUMBER(AC59),_xlfn.RANK.EQ(AC59,$AC$2:$AC$1031),"") | AE59: =IF(ISNUMBER(AF59),AF59/3630,"") | AF59: =IFERROR(C59+D59+E59+F59+J59+K59+L59+M59+Q59+R59+S59+T59+IF(ISNUMBER(X59),X59,0)+N(Y59)+N(Z59)+N(AA59),"") | AG59: =IF(ISNUMBER(AF59),AF59,"") | AH59: =IF(ISNUMBER(AG59),_xlfn.RANK.EQ(AG59,$AG$2:$AG$1031),"")
A60: 130 | B60: احمد محمد زين عبد الحميد قطب | C60: 638.8 | D60: 23 | E60: 25 | F60: 22 | G60: =C60+D60+E60+F60 | H60: =IF(ISNUMBER(G60),G60,"") | I60: =_xlfn.RANK.EQ(H60,$H$2:$H$1031) | J60: 616 | K60: 50 | L60: 23 | M60: 24 | N60: =J60+K60+L60+M60 | O60: =IF(ISNUMBER(N60),N60,"") | P60: =_xlfn.RANK.EQ(O60,$O$2:$O$1031) | Q60: 251 | R60: 48 | S60: 25 | T60: 25 | U60: =Q60+R60+S60+T60 | V60: =IF(ISNUMBER(U60),U60,"") | W60: =_xlfn.RANK.EQ(V60,$V$2:$V$1031) | X60: 1400.6208 | Y60: 25 | Z60: 22.5 | AA60: 25 | AB60: =IF(ISNUMBER(X60),X60+N(Y60)+N(Z60)+N(AA60),X60) | AC60: =IF(ISNUMBER(AB60),AB60,"") | AD60: =IF(ISNUMBER(AC60),_xlfn.RANK.EQ(AC60,$AC$2:$AC$1031),"") | AE60: =IF(ISNUMBER(AF60),AF60/3630,"") | AF60: =IFERROR(C60+D60+E60+F60+J60+K60+L60+M60+Q60+R60+S60+T60+IF(ISNUMBER(X60),X60,0)+N(Y60)+N(Z60)+N(AA60),"") | AG60: =IF(ISNUMBER(AF60),AF60,"") | AH60: =IF(ISNUMBER(AG60),_xlfn.RANK.EQ(AG60,$AG$2:$AG$1031),"")
A61: 132 | B61: احمد محمد صلاح الدين عبدالسلام السيد | C61: 640.5 | D61: 25 | E61: 24 | F61: 22 | G61: =C61+D61+E61+F61 | H61: =IF(ISNUMBER(G61),G61,"") | I61: =_xlfn.RANK.EQ(H61,$H$2:$H$1031) | J61: 632 | K61: 49 | L61: 22 | M61: 25 | N61: =J61+K61+L61+M61 | O61: =IF(ISNUMBER(N61),N61,"") | P61: =_xlfn.RANK.EQ(O61,$O$2:$O$1031) | Q61: 285 | R61: 48 | S61: 25 | T61: 25 | U61: =Q61+R61+S61+T61 | V61: =IF(ISNUMBER(U61),U61,"") | W61: =_xlfn.RANK.EQ(V61,$V$2:$V$1031) | X61: 1542.0625 | Y61: 24 | Z61: 24.5 | AA61: 23 | AB61: =IF(ISNUMBER(X61),X61+N(Y61)+N(Z61)+N(AA61),X61) | AC61: =IF(ISNUMBER(AB61),AB61,"") | AD61: =IF(ISNUMBER(AC61),_xlfn.RANK.EQ(AC61,$AC$2:$AC$1031),"") | AE61: =IF(ISNUMBER(AF61),AF61/3630,"") | AF61: =IFERROR(C61+D61+E61+F61+J61+K61+L61+M61+Q61+R61+S61+T61+IF(ISNUMBER(X61),X61,0)+N(Y61)+N(Z61)+N(AA61),"") | AG61: =IF(ISNUMBER(AF61),AF61,"") | AH61: =IF(ISNUMBER(AG61),_xlfn.RANK.EQ(AG61,$AG$2:$AG$1031),"")
A62: 133 | B62: احمد محمد عبدالحميد احمد | C62: 531 | D62: 20 | E62: 25 | F62: 23 | G62: =C62+D62+E62+F62 | H62: =IF(ISNUMBER(G62),G62,"") | I62: =_xlfn.RANK.EQ(H62,$H$2:$H$1031) | J62: 479.7 | K62: 50 | L62: 21 | M62: 24 | N62: =J62+K62+L62+M62 | O62: =IF(ISNUMBER(N62),N62,"") | P62: =_xlfn.RANK.EQ(O62,$O$2:$O$1031) | Q62: 225 | R62: 49.5 | S62: 25 | T62: 25 | U62: =Q62+R62+S62+T62 | V62: =IF(ISNUMBER(U62),U62,"") | W62: =_xlfn.RANK.EQ(V62,$V$2:$V$1031) | X62: 1430.2583 | Y62: 24 | Z62: 23.25 | AA62: 22 | AB62: =IF(ISNUMBER(X62),X62+N(Y62)+N(Z62)+N(AA62),X62) | AC62: =IF(ISNUMBER(AB62),AB62,"") | AD62: =IF(ISNUMBER(AC62),_xlfn.RANK.EQ(AC62,$AC$2:$AC$1031),"") | AE62: =IF(ISNUMBER(AF62),AF62/3630,"") | AF62: =IFERROR(C62+D62+E62+F62+J62+K62+L62+M62+Q62+R62+S62+T62+IF(ISNUMBER(X62),X62,0)+N(Y62)+N(Z62)+N(AA62),"") | AG62: =IF(ISNUMBER(AF62),AF62,"") | AH62: =IF(ISNUMBER(AG62),_xlfn.RANK.EQ(AG62,$AG$2:$AG$1031),"")
A63: 135 | B63: احمد محمد عبدالحميد جادالله قويدر | C63: 614.8 | E63: 25 | F63: 25 | G63: =C63+D63+E63+F63 | H63: =IF(ISNUMBER(G63),G63,"") | I63: =_xlfn.RANK.EQ(H63,$H$2:$H$1031) | J63: 598.5 | K63: 46 | L63: 22 | M63: 22 | N63: =J63+K63+L63+M63 | O63: =IF(ISNUMBER(N63),N63,"") | P63: =_xlfn.RANK.EQ(O63,$O$2:$O$1031) | Q63: 228 | R63: 42.5 | S63: 21 | T63: 24 | U63: =Q63+R63+S63+T63 | V63: =IF(ISNUMBER(U63),U63,"") | W63: =_xlfn.RANK.EQ(V63,$V$2:$V$1031) | X63: 1269.3042 | Y63: 24.5 | Z63: 23 | AA63: 22 | AB63: =IF(ISNUMBER(X63),X63+N(Y63)+N(Z63)+N(AA63),X63) | AC63: =IF(ISNUMBER(AB63),AB63,"") | AD63: =IF(ISNUMBER(AC63),_xlfn.RANK.EQ(AC63,$AC$2:$AC$1031),"") | AE63: =IF(ISNUMBER(AF63),AF63/3630,"") | AF63: =IFERROR(C63+D63+E63+F63+J63+K63+L63+M63+Q63+R63+S63+T63+IF(ISNUMBER(X63),X63,0)+N(Y63)+N(Z63)+N(AA63),"") | AG63: =IF(ISNUMBER(AF63),AF63,"") | AH63: =IF(ISNUMBER(AG63),_xlfn.RANK.EQ(AG63,$AG$2:$AG$1031),"")
A64: 136 | B64: احمد محمد عبده خزيمى | C64: 488.1 | D64: 24 | E64: 23 | F64: 23 | G64: =C64+D64+E64+F64 | H64: =IF(ISNUMBER(G64),G64,"") | I64: =_xlfn.RANK.EQ(H64,$H$2:$H$1031) | J64: 607 | K64: 46 | L64: 21 | M64: 18 | N64: =J64+K64+L64+M64 | O64: =IF(ISNUMBER(N64),N64,"") | P64: =_xlfn.RANK.EQ(O64,$O$2:$O$1031) | Q64: 193.5 | R64: 33 | S64: 22 | T64: 24 | U64: =Q64+R64+S64+T64 | V64: =IF(ISNUMBER(U64),U64,"") | W64: =_xlfn.RANK.EQ(V64,$V$2:$V$1031) | X64: راسب | Y64: 20.5 | Z64: 21 | AA64: 23 | AB64: =IF(ISNUMBER(X64),X64+N(Y64)+N(Z64)+N(AA64),X64) | AC64: =IF(ISNUMBER(AB64),AB64,"") | AD64: =IF(ISNUMBER(AC64),_xlfn.RANK.EQ(AC64,$AC$2:$AC$1031),"") | AE64: =IF(ISNUMBER(AF64),AF64/3630,"") | AF64: =IFERROR(C64+D64+E64+F64+J64+K64+L64+M64+Q64+R64+S64+T64+IF(ISNUMBER(X64),X64,0)+N(Y64)+N(Z64)+N(AA64),"") | AG64: =IF(ISNUMBER(AF64),AF64,"") | AH64: =IF(ISNUMBER(AG64),_xlfn.RANK.EQ(AG64,$AG$2:$AG$1031),"")
A65: 140 | B65: احمد محمد فتحي النزهي | C65: 630.3 | D65: 25 | E65: 25 | F65: 23 | G65: =C65+D65+E65+F65 | H65: =IF(ISNUMBER(G65),G65,"") | I65: =_xlfn.RANK.EQ(H65,$H$2:$H$1031) | J65: 634.5 | K65: 49 | L65: 23 | M65: 24 | N65: =J65+K65+L65+M65 | O65: =IF(ISNUMBER(N65),N65,"") | P65: =_xlfn.RANK.EQ(O65,$O$2:$O$1031) | Q65: 287 | R65: 49.5 | S65: 25 | T65: 25 | U65: =Q65+R65+S65+T65 | V65: =IF(ISNUMBER(U65),U65,"") | W65: =_xlfn.RANK.EQ(V65,$V$2:$V$1031) | X65: 1560.7333 | Y65: 25 | Z65: 24 | AA65: 24 | AB65: =IF(ISNUMBER(X65),X65+N(Y65)+N(Z65)+N(AA65),X65) | AC65: =IF(ISNUMBER(AB65),AB65,"") | AD65: =IF(ISNUMBER(AC65),_xlfn.RANK.EQ(AC65,$AC$2:$AC$1031),"") | AE65: =IF(ISNUMBER(AF65),AF65/3630,"") | AF65: =IFERROR(C65+D65+E65+F65+J65+K65+L65+M65+Q65+R65+S65+T65+IF(ISNUMBER(X65),X65,0)+N(Y65)+N(Z65)+N(AA65),"") | AG65: =IF(ISNUMBER(AF65),AF65,"") | AH65: =IF(ISNUMBER(AG65),_xlfn.RANK.EQ(AG65,$AG$2:$AG$1031),"")
A66: 141 | B66: احمد محمد فريد عبدالرحمن عبد الرحمن ابو هيكل | C66: 645.8 | D66: 25 | E66: 25 | F66: 23 | G66: =C66+D66+E66+F66 | H66: =IF(ISNUMBER(G66),G66,"") | I66: =_xlfn.RANK.EQ(H66,$H$2:$H$1031) | J66: 632 | K66: 49 | L66: 22 | M66: 24 | N66: =J66+K66+L66+M66 | O66: =IF(ISNUMBER(N66),N66,"") | P66: =_xlfn.RANK.EQ(O66,$O$2:$O$1031) | Q66: 279.5 | R66: 49.5 | S66: 24 | T66: 25 | U66: =Q66+R66+S66+T66 | V66: =IF(ISNUMBER(U66),U66,"") | W66: =_xlfn.RANK.EQ(V66,$V$2:$V$1031) | X66: 1572.7542 | Y66: 25 | Z66: 25 | AA66: 24 | AB66: =IF(ISNUMBER(X66),X66+N(Y66)+N(Z66)+N(AA66),X66) | AC66: =IF(ISNUMBER(AB66),AB66,"") | AD66: =IF(ISNUMBER(AC66),_xlfn.RANK.EQ(AC66,$AC$2:$AC$1031),"") | AE66: =IF(ISNUMBER(AF66),AF66/3630,"") | AF66: =IFERROR(C66+D66+E66+F66+J66+K66+L66+M66+Q66+R66+S66+T66+IF(ISNUMBER(X66),X66,0)+N(Y66)+N(Z66)+N(AA66),"") | AG66: =IF(ISNUMBER(AF66),AF66,"") | AH66: =IF(ISNUMBER(AG66),_xlfn.RANK.EQ(AG66,$AG$2:$AG$1031),"")
A67: 142 | B67: احمد محمد محمد احمد العطار | C67: 528.9 | D67: 22 | E67: 19 | F67: 20 | G67: =C67+D67+E67+F67 | H67: =IF(ISNUMBER(G67),G67,"") | I67: =_xlfn.RANK.EQ(H67,$H$2:$H$1031) | J67: 418.3 | K67: 36 | L67: 21 | M67: 21 | N67: =J67+K67+L67+M67 | O67: =IF(ISNUMBER(N67),N67,"") | P67: =_xlfn.RANK.EQ(O67,$O$2:$O$1031) | Q67: 159 | R67: 31.5 | S67: 19 | T67: 21.5 | U67: =Q67+R67+S67+T67 | V67: =IF(ISNUMBER(U67),U67,"") | W67: =_xlfn.RANK.EQ(V67,$V$2:$V$1031) | X67: راسب | Y67: 19 | Z67: 19 | AA67: 19 | AB67: =IF(ISNUMBER(X67),X67+N(Y67)+N(Z67)+N(AA67),X67) | AC67: =IF(ISNUMBER(AB67),AB67,"") | AD67: =IF(ISNUMBER(AC67),_xlfn.RANK.EQ(AC67,$AC$2:$AC$1031),"") | AE67: =IF(ISNUMBER(AF67),AF67/3630,"") | AF67: =IFERROR(C67+D67+E67+F67+J67+K67+L67+M67+Q67+R67+S67+T67+IF(ISNUMBER(X67),X67,0)+N(Y67)+N(Z67)+N(AA67),"") | AG67: =IF(ISNUMBER(AF67),AF67,"") | AH67: =IF(ISNUMBER(AG67),_xlfn.RANK.EQ(AG67,$AG$2:$AG$1031),"")
A68: 143 | B68: احمد محمد محمود عامر | C68: 529.9 | D68: 22 | E68: 16 | F68: 19 | G68: =C68+D68+E68+F68 | H68: =IF(ISNUMBER(G68),G68,"") | I68: =_xlfn.RANK.EQ(H68,$H$2:$H$1031) | J68: 523.3 | K68: 37 | L68: 23 | M68: 23 | N68: =J68+K68+L68+M68 | O68: =IF(ISNUMBER(N68),N68,"") | P68: =_xlfn.RANK.EQ(O68,$O$2:$O$1031) | Q68: 218.5 | R68: 41.5 | S68: 25 | T68: 23.5 | U68: =Q68+R68+S68+T68 | V68: =IF(ISNUMBER(U68),U68,"") | W68: =_xlfn.RANK.EQ(V68,$V$2:$V$1031) | X68: 1236.8083 | Y68: 20 | Z68: 19.75 | AA68: 20 | AB68: =IF(ISNUMBER(X68),X68+N(Y68)+N(Z68)+N(AA68),X68) | AC68: =IF(ISNUMBER(AB68),AB68,"") | AD68: =IF(ISNUMBER(AC68),_xlfn.RANK.EQ(AC68,$AC$2:$AC$1031),"") | AE68: =IF(ISNUMBER(AF68),AF68/3630,"") | AF68: =IFERROR(C68+D68+E68+F68+J68+K68+L68+M68+Q68+R68+S68+T68+IF(ISNUMBER(X68),X68,0)+N(Y68)+N(Z68)+N(AA68),"") | AG68: =IF(ISNUMBER(AF68),AF68,"") | AH68: =IF(ISNUMBER(AG68),_xlfn.RANK.EQ(AG68,$AG$2:$AG$1031),"")
A69: 144 | B69: احمد محمد مصطفي محمود العكاوي | C69: 432.5 | D69: 16 | E69: 22 | F69: 19 | G69: =C69+D69+E69+F69 | H69: =IF(ISNUMBER(G69),G69,"") | I69: =_xlfn.RANK.EQ(H69,$H$2:$H$1031) | J69: 401.65 | K69: 32 | L69: 20 | M69: 17 | N69: =J69+K69+L69+M69 | O69: =IF(ISNUMBER(N69),N69,"") | P69: =_xlfn.RANK.EQ(O69,$O$2:$O$1031) | Q69: راسب | R69: 36.5 | S69: 25 | T69: 24 | U69: =Q69+R69+S69+T69 | V69: =IF(ISNUMBER(U69),U69,"") | W69: =_xlfn.RANK.EQ(V69,$V$2:$V$1031) | X69: 1078.4875 | Y69: 20.5 | Z69: 23 | AA69: 21 | AB69: =IF(ISNUMBER(X69),X69+N(Y69)+N(Z69)+N(AA69),X69) | AC69: =IF(ISNUMBER(AB69),AB69,"") | AD69: =IF(ISNUMBER(AC69),_xlfn.RANK.EQ(AC69,$AC$2:$AC$1031),"") | AE69: =IF(ISNUMBER(AF69),AF69/3630,"") | AF69: =IFERROR(C69+D69+E69+F69+J69+K69+L69+M69+Q69+R69+S69+T69+IF(ISNUMBER(X69),X69,0)+N(Y69)+N(Z69)+N(AA69),"") | AG69: =IF(ISNUMBER(AF69),AF69,"") | AH69: =IF(ISNUMBER(AG69),_xlfn.RANK.EQ(AG69,$AG$2:$AG$1031),"")
A70: 146 | B70: احمد محمد مهدى عبدالحميد عشيبة | C70: 535.2 | D70: 24 | E70: 24 | F70: 21 | G70: =C70+D70+E70+F70 | H70: =IF(ISNUMBER(G70),G70,"") | I70: =_xlfn.RANK.EQ(H70,$H$2:$H$1031) | J70: 573.3 | K70: 44 | L70: 23 | M70: 24 | N70: =J70+K70+L70+M70 | O70: =IF(ISNUMBER(N70),N70,"") | P70: =_xlfn.RANK.EQ(O70,$O$2:$O$1031) | Q70: 240 | R70: 46.5 | S70: 22 | T70: 25 | U70: =Q70+R70+S70+T70 | V70: =IF(ISNUMBER(U70),U70,"") | W70: =_xlfn.RANK.EQ(V70,$V$2:$V$1031) | X70: 1330.475 | Y70: 25 | Z70: 25 | AA70: 21 | AB70: =IF(ISNUMBER(X70),X70+N(Y70)+N(Z70)+N(AA70),X70) | AC70: =IF(ISNUMBER(AB70),AB70,"") | AD70: =IF(ISNUMBER(AC70),_xlfn.RANK.EQ(AC70,$AC$2:$AC$1031),"") | AE70: =IF(ISNUMBER(AF70),AF70/3630,"") | AF70: =IFERROR(C70+D70+E70+F70+J70+K70+L70+M70+Q70+R70+S70+T70+IF(ISNUMBER(X70),X70,0)+N(Y70)+N(Z70)+N(AA70),"") | AG70: =IF(ISNUMBER(AF70),AF70,"") | AH70: =IF(ISNUMBER(AG70),_xlfn.RANK.EQ(AG70,$AG$2:$AG$1031),"")
A71: 148 | B71: احمد محمود احمد محمود عناني | C71: 560.7 | D71: 23 | E71: 23 | F71: 21 | G71: =C71+D71+E71+F71 | H71: =IF(ISNUMBER(G71),G71,"") | I71: =_xlfn.RANK.EQ(H71,$H$2:$H$1031) | J71: 545.3 | K71: 46 | L71: 19 | M71: 20 | N71: =J71+K71+L71+M71 | O71: =IF(ISNUMBER(N71),N71,"") | P71: =_xlfn.RANK.EQ(O71,$O$2:$O$1031) | Q71: 233.5 | R71: 44 | S71: 20 | T71: 23 | U71: =Q71+R71+S71+T71 | V71: =IF(ISNUMBER(U71),U71,"") | W71: =_xlfn.RANK.EQ(V71,$V$2:$V$1031) | X71: 1369.1375 | Y71: 24.5 | Z71: 23.5 | AA71: 22 | AB71: =IF(ISNUMBER(X71),X71+N(Y71)+N(Z71)+N(AA71),X71) | AC71: =IF(ISNUMBER(AB71),AB71,"") | AD71: =IF(ISNUMBER(AC71),_xlfn.RANK.EQ(AC71,$AC$2:$AC$1031),"") | AE71: =IF(ISNUMBER(AF71),AF71/3630,"") | AF71: =IFERROR(C71+D71+E71+F71+J71+K71+L71+M71+Q71+R71+S71+T71+IF(ISNUMBER(X71),X71,0)+N(Y71)+N(Z71)+N(AA71),"") | AG71: =IF(ISNUMBER(AF71),AF71,"") | AH71: =IF(ISNUMBER(AG71),_xlfn.RANK.EQ(AG71,$AG$2:$AG$1031),"")
A72: 151 | B72: احمد محمود سعد عبد المجيد شاهين | C72: 561 | D72: 20 | E72: 22 | F72: 22 | G72: =C72+D72+E72+F72 | H72: =IF(ISNUMBER(G72),G72,"") | I72: =_xlfn.RANK.EQ(H72,$H$2:$H$1031) | J72: 550.7 | K72: 42 | L72: 22 | M72: 20 | N72: =J72+K72+L72+M72 | O72: =IF(ISNUMBER(N72),N72,"") | P72: =_xlfn.RANK.EQ(O72,$O$2:$O$1031) | Q72: 239 | R72: 49 | S72: 25 | T72: 24 | U72: =Q72+R72+S72+T72 | V72: =IF(ISNUMBER(U72),U72,"") | W72: =_xlfn.RANK.EQ(V72,$V$2:$V$1031) | X72: 1421.025 | Y72: 25 | Z72: 25 | AA72: 24 | AB72: =IF(ISNUMBER(X72),X72+N(Y72)+N(Z72)+N(AA72),X72) | AC72: =IF(ISNUMBER(AB72),AB72,"") | AD72: =IF(ISNUMBER(AC72),_xlfn.RANK.EQ(AC72,$AC$2:$AC$1031),"") | AE72: =IF(ISNUMBER(AF72),AF72/3630,"") | AF72: =IFERROR(C72+D72+E72+F72+J72+K72+L72+M72+Q72+R72+S72+T72+IF(ISNUMBER(X72),X72,0)+N(Y72)+N(Z72)+N(AA72),"") | AG72: =IF(ISNUMBER(AF72),AF72,"") | AH72: =IF(ISNUMBER(AG72),_xlfn.RANK.EQ(AG72,$AG$2:$AG$1031),"")
A73: 152 | B73: احمد محمود عبد الوكيل سالم | C73: 592.6 | D73: 22 | E73: 22 | F73: 23 | G73: =C73+D73+E73+F73 | H73: =IF(ISNUMBER(G73),G73,"") | I73: =_xlfn.RANK.EQ(H73,$H$2:$H$1031) | J73: 594.8 | K73: 47 | L73: 21 | M73: 20 | N73: =J73+K73+L73+M73 | O73: =IF(ISNUMBER(N73),N73,"") | P73: =_xlfn.RANK.EQ(O73,$O$2:$O$1031) | Q73: 243.75 | R73: 46 | S73: 22 | T73: 25 | U73: =Q73+R73+S73+T73 | V73: =IF(ISNUMBER(U73),U73,"") | W73: =_xlfn.RANK.EQ(V73,$V$2:$V$1031) | X73: 1416.3458 | Y73: 24.5 | Z73: 23 | AA73: 23 | AB73: =IF(ISNUMBER(X73),X73+N(Y73)+N(Z73)+N(AA73),X73) | AC73: =IF(ISNUMBER(AB73),AB73,"") | AD73: =IF(ISNUMBER(AC73),_xlfn.RANK.EQ(AC73,$AC$2:$AC$1031),"") | AE73: =IF(ISNUMBER(AF73),AF73/3630,"") | AF73: =IFERROR(C73+D73+E73+F73+J73+K73+L73+M73+Q73+R73+S73+T73+IF(ISNUMBER(X73),X73,0)+N(Y73)+N(Z73)+N(AA73),"") | AG73: =IF(ISNUMBER(AF73),AF73,"") | AH73: =IF(ISNUMBER(AG73),_xlfn.RANK.EQ(AG73,$AG$2:$AG$1031),"")
A74: 155 | B74: احمد مصطفى عبد الرحمن السعداوى | C74: 438.95 | D74: 18 | E74: 20 | F74: 23 | G74: =C74+D74+E74+F74 | H74: =IF(ISNUMBER(G74),G74,"") | I74: =_xlfn.RANK.EQ(H74,$H$2:$H$1031) | J74: 511.4 | K74: 40 | L74: 20 | M74: 22 | N74: =J74+K74+L74+M74 | O74: =IF(ISNUMBER(N74),N74,"") | P74: =_xlfn.RANK.EQ(O74,$O$2:$O$1031) | Q74: 185 | R74: 48 | S74: 25 | T74: 24 | U74: =Q74+R74+S74+T74 | V74: =IF(ISNUMBER(U74),U74,"") | W74: =_xlfn.RANK.EQ(V74,$V$2:$V$1031) | X74: راسب | Y74: 24 | Z74: 18 | AA74: 18 | AB74: =IF(ISNUMBER(X74),X74+N(Y74)+N(Z74)+N(AA74),X74) | AC74: =IF(ISNUMBER(AB74),AB74,"") | AD74: =IF(ISNUMBER(AC74),_xlfn.RANK.EQ(AC74,$AC$2:$AC$1031),"") | AE74: =IF(ISNUMBER(AF74),AF74/3630,"") | AF74: =IFERROR(C74+D74+E74+F74+J74+K74+L74+M74+Q74+R74+S74+T74+IF(ISNUMBER(X74),X74,0)+N(Y74)+N(Z74)+N(AA74),"") | AG74: =IF(ISNUMBER(AF74),AF74,"") | AH74: =IF(ISNUMBER(AG74),_xlfn.RANK.EQ(AG74,$AG$2:$AG$1031),"")
A75: 156 | B75: احمد معتز عبد المالك عبد الرحمن | C75: 643.6 | D75: 25 | E75: 25 | F75: 24 | G75: =C75+D75+E75+F75 | H75: =IF(ISNUMBER(G75),G75,"") | I75: =_xlfn.RANK.EQ(H75,$H$2:$H$1031) | J75: 631.8 | K75: 49 | L75: 22 | M75: 24 | N75: =J75+K75+L75+M75 | O75: =IF(ISNUMBER(N75),N75,"") | P75: =_xlfn.RANK.EQ(O75,$O$2:$O$1031) | Q75: 290 | R75: 48 | S75: 25 | T75: 25 | U75: =Q75+R75+S75+T75 | V75: =IF(ISNUMBER(U75),U75,"") | W75: =_xlfn.RANK.EQ(V75,$V$2:$V$1031) | X75: 1517.4167 | Y75: 24 | Z75: 24 | AA75: 25 | AB75: =IF(ISNUMBER(X75),X75+N(Y75)+N(Z75)+N(AA75),X75) | AC75: =IF(ISNUMBER(AB75),AB75,"") | AD75: =IF(ISNUMBER(AC75),_xlfn.RANK.EQ(AC75,$AC$2:$AC$1031),"") | AE75: =IF(ISNUMBER(AF75),AF75/3630,"") | AF75: =IFERROR(C75+D75+E75+F75+J75+K75+L75+M75+Q75+R75+S75+T75+IF(ISNUMBER(X75),X75,0)+N(Y75)+N(Z75)+N(AA75),"") | AG75: =IF(ISNUMBER(AF75),AF75,"") | AH75: =IF(ISNUMBER(AG75),_xlfn.RANK.EQ(AG75,$AG$2:$AG$1031),"")
A76: 157 | B76: احمد ممدوح حامد سويطى | C76: 454 | D76: 18 | E76: 15 | F76: 20 | G76: =C76+D76+E76+F76 | H76: =IF(ISNUMBER(G76),G76,"") | I76: =_xlfn.RANK.EQ(H76,$H$2:$H$1031) | J76: 455.95 | K76: 47 | L76: 18 | M76: 23 | N76: =J76+K76+L76+M76 | O76: =IF(ISNUMBER(N76),N76,"") | P76: =_xlfn.RANK.EQ(O76,$O$2:$O$1031) | Q76: راسب | R76: 47.5 | S76: 25 | T76: 25 | U76: =Q76+R76+S76+T76 | V76: =IF(ISNUMBER(U76),U76,"") | W76: =_xlfn.RANK.EQ(V76,$V$2:$V$1031) | X76: راسب | Y76: 18 | Z76: 23 | AA76: 11 | AB76: =IF(ISNUMBER(X76),X76+N(Y76)+N(Z76)+N(AA76),X76) | AC76: =IF(ISNUMBER(AB76),AB76,"") | AD76: =IF(ISNUMBER(AC76),_xlfn.RANK.EQ(AC76,$AC$2:$AC$1031),"") | AE76: =IF(ISNUMBER(AF76),AF76/3630,"") | AF76: =IFERROR(C76+D76+E76+F76+J76+K76+L76+M76+Q76+R76+S76+T76+IF(ISNUMBER(X76),X76,0)+N(Y76)+N(Z76)+N(AA76),"") | AG76: =IF(ISNUMBER(AF76),AF76,"") | AH76: =IF(ISNUMBER(AG76),_xlfn.RANK.EQ(AG76,$AG$2:$AG$1031),"")
A77: 160 | B77: احمد ناصر فتحي السيد | C77: 530.6 | E77: 21 | F77: 19 | G77: =C77+D77+E77+F77 | H77: =IF(ISNUMBER(G77),G77,"") | I77: =_xlfn.RANK.EQ(H77,$H$2:$H$1031) | J77: 523 | K77: 42 | L77: 20 | M77: 15 | N77: =J77+K77+L77+M77 | O77: =IF(ISNUMBER(N77),N77,"") | P77: =_xlfn.RANK.EQ(O77,$O$2:$O$1031) | Q77: 202.5 | R77: 44.5 | S77: 25 | T77: 24 | U77: =Q77+R77+S77+T77 | V77: =IF(ISNUMBER(U77),U77,"") | W77: =_xlfn.RANK.EQ(V77,$V$2:$V$1031) | X77: 1326.4125 | Y77: 25 | Z77: 24 | AA77: 22 | AB77: =IF(ISNUMBER(X77),X77+N(Y77)+N(Z77)+N(AA77),X77) | AC77: =IF(ISNUMBER(AB77),AB77,"") | AD77: =IF(ISNUMBER(AC77),_xlfn.RANK.EQ(AC77,$AC$2:$AC$1031),"") | AE77: =IF(ISNUMBER(AF77),AF77/3630,"") | AF77: =IFERROR(C77+D77+E77+F77+J77+K77+L77+M77+Q77+R77+S77+T77+IF(ISNUMBER(X77),X77,0)+N(Y77)+N(Z77)+N(AA77),"") | AG77: =IF(ISNUMBER(AF77),AF77,"") | AH77: =IF(ISNUMBER(AG77),_xlfn.RANK.EQ(AG77,$AG$2:$AG$1031),"")
A78: 162 | B78: احمد نبيل فرج السعداوى محمود | C78: 494.8 | D78: 24 | E78: 17 | F78: 23 | G78: =C78+D78+E78+F78 | H78: =IF(ISNUMBER(G78),G78,"") | I78: =_xlfn.RANK.EQ(H78,$H$2:$H$1031) | J78: 473 | K78: 38 | L78: 22 | M78: 21 | N78: =J78+K78+L78+M78 | O78: =IF(ISNUMBER(N78),N78,"") | P78: =_xlfn.RANK.EQ(O78,$O$2:$O$1031) | Q78: 232.5 | R78: 45 | S78: 24 | T78: 25 | U78: =Q78+R78+S78+T78 | V78: =IF(ISNUMBER(U78),U78,"") | W78: =_xlfn.RANK.EQ(V78,$V$2:$V$1031) | X78: 1292.1875 | Y78: 22 | Z78: 23 | AA78: 21 | AB78: =IF(ISNUMBER(X78),X78+N(Y78)+N(Z78)+N(AA78),X78) | AC78: =IF(ISNUMBER(AB78),AB78,"") | AD78: =IF(ISNUMBER(AC78),_xlfn.RANK.EQ(AC78,$AC$2:$AC$1031),"") | AE78: =IF(ISNUMBER(AF78),AF78/3630,"") | AF78: =IFERROR(C78+D78+E78+F78+J78+K78+L78+M78+Q78+R78+S78+T78+IF(ISNUMBER(X78),X78,0)+N(Y78)+N(Z78)+N(AA78),"") | AG78: =IF(ISNUMBER(AF78),AF78,"") | AH78: =IF(ISNUMBER(AG78),_xlfn.RANK.EQ(AG78,$AG$2:$AG$1031),"")
A79: 163 | B79: احمد نبيل محمود عطاالله | C79: 629.1 | D79: 25 | E79: 25 | F79: 24 | G79: =C79+D79+E79+F79 | H79: =IF(ISNUMBER(G79),G79,"") | I79: =_xlfn.RANK.EQ(H79,$H$2:$H$1031) | J79: 626.5 | K79: 49 | L79: 22 | M79: 23 | N79: =J79+K79+L79+M79 | O79: =IF(ISNUMBER(N79),N79,"") | P79: =_xlfn.RANK.EQ(O79,$O$2:$O$1031) | Q79: 272 | R79: 48.5 | S79: 24 | T79: 24.5 | U79: =Q79+R79+S79+T79 | V79: =IF(ISNUMBER(U79),U79,"") | W79: =_xlfn.RANK.EQ(V79,$V$2:$V$1031) | X79: 1456.8792 | Y79: 25 | Z79: 19 | AA79: 23 | AB79: =IF(ISNUMBER(X79),X79+N(Y79)+N(Z79)+N(AA79),X79) | AC79: =IF(ISNUMBER(AB79),AB79,"") | AD79: =IF(ISNUMBER(AC79),_xlfn.RANK.EQ(AC79,$AC$2:$AC$1031),"") | AE79: =IF(ISNUMBER(AF79),AF79/3630,"") | AF79: =IFERROR(C79+D79+E79+F79+J79+K79+L79+M79+Q79+R79+S79+T79+IF(ISNUMBER(X79),X79,0)+N(Y79)+N(Z79)+N(AA79),"") | AG79: =IF(ISNUMBER(AF79),AF79,"") | AH79: =IF(ISNUMBER(AG79),_xlfn.RANK.EQ(AG79,$AG$2:$AG$1031),"")
A80: 164 | B80: احمد نصر عبدالبارى مطاوع | C80: #N/A | D80: 23 | E80: 22 | F80: 17 | G80: =C80+D80+E80+F80 | H80: =IF(ISNUMBER(G80),G80,"") | I80: =_xlfn.RANK.EQ(H80,$H$2:$H$1031) | J80: 523 | K80: 49 | L80: 21 | M80: 22 | N80: =J80+K80+L80+M80 | O80: =IF(ISNUMBER(N80),N80,"") | P80: =_xlfn.RANK.EQ(O80,$O$2:$O$1031) | Q80: 138 | R80: 36.5 | S80: 23 | T80: 22 | U80: =Q80+R80+S80+T80 | V80: =IF(ISNUMBER(U80),U80,"") | W80: =_xlfn.RANK.EQ(V80,$V$2:$V$1031) | X80: راسب | Y80: 23 | Z80: 24 | AA80: 20 | AB80: =IF(ISNUMBER(X80),X80+N(Y80)+N(Z80)+N(AA80),X80) | AC80: =IF(ISNUMBER(AB80),AB80,"") | AD80: =IF(ISNUMBER(AC80),_xlfn.RANK.EQ(AC80,$AC$2:$AC$1031),"") | AE80: =IF(ISNUMBER(AF80),AF80/3630,"") | AF80: =IFERROR(C80+D80+E80+F80+J80+K80+L80+M80+Q80+R80+S80+T80+IF(ISNUMBER(X80),X80,0)+N(Y80)+N(Z80)+N(AA80),"") | AG80: =IF(ISNUMBER(AF80),AF80,"") | AH80: =IF(ISNUMBER(AG80),_xlfn.RANK.EQ(AG80,$AG$2:$AG$1031),"")
A81: 166 | B81: احمد نورالدين محمد اسماعيل | C81: 522.4 | D81: 21 | E81: 20 | F81: 18 | G81: =C81+D81+E81+F81 | H81: =IF(ISNUMBER(G81),G81,"") | I81: =_xlfn.RANK.EQ(H81,$H$2:$H$1031) | J81: 472.3 | K81: 36 | L81: 23 | M81: 19 | N81: =J81+K81+L81+M81 | O81: =IF(ISNUMBER(N81),N81,"") | P81: =_xlfn.RANK.EQ(O81,$O$2:$O$1031) | Q81: 253.5 | R81: 44 | S81: 24 | T81: 23 | U81: =Q81+R81+S81+T81 | V81: =IF(ISNUMBER(U81),U81,"") | W81: =_xlfn.RANK.EQ(V81,$V$2:$V$1031) | X81: راسب | Y81: 15 | Z81: 22 | AA81: 21 | AB81: =IF(ISNUMBER(X81),X81+N(Y81)+N(Z81)+N(AA81),X81) | AC81: =IF(ISNUMBER(AB81),AB81,"") | AD81: =IF(ISNUMBER(AC81),_xlfn.RANK.EQ(AC81,$AC$2:$AC$1031),"") | AE81: =IF(ISNUMBER(AF81),AF81/3630,"") | AF81: =IFERROR(C81+D81+E81+F81+J81+K81+L81+M81+Q81+R81+S81+T81+IF(ISNUMBER(X81),X81,0)+N(Y81)+N(Z81)+N(AA81),"") | AG81: =IF(ISNUMBER(AF81),AF81,"") | AH81: =IF(ISNUMBER(AG81),_xlfn.RANK.EQ(AG81,$AG$2:$AG$1031),"")
A82: 167 | B82: احمد هاشم عوض محمود | C82: 524.9 | D82: 19 | E82: 10 | F82: 16 | G82: =C82+D82+E82+F82 | H82: =IF(ISNUMBER(G82),G82,"") | I82: =_xlfn.RANK.EQ(H82,$H$2:$H$1031) | J82: 466 | K82: 27 | L82: 18 | M82: 11 | N82: =J82+K82+L82+M82 | O82: =IF(ISNUMBER(N82),N82,"") | P82: =_xlfn.RANK.EQ(O82,$O$2:$O$1031) | Q82: 206 | R82: 34 | S82: 22 | T82: 23.5 | U82: =Q82+R82+S82+T82 | V82: =IF(ISNUMBER(U82),U82,"") | W82: =_xlfn.RANK.EQ(V82,$V$2:$V$1031) | X82: راسب | Y82: 19 | Z82: 19 | AA82: 15 | AB82: =IF(ISNUMBER(X82),X82+N(Y82)+N(Z82)+N(AA82),X82) | AC82: =IF(ISNUMBER(AB82),AB82,"") | AD82: =IF(ISNUMBER(AC82),_xlfn.RANK.EQ(AC82,$AC$2:$AC$1031),"") | AE82: =IF(ISNUMBER(AF82),AF82/3630,"") | AF82: =IFERROR(C82+D82+E82+F82+J82+K82+L82+M82+Q82+R82+S82+T82+IF(ISNUMBER(X82),X82,0)+N(Y82)+N(Z82)+N(AA82),"") | AG82: =IF(ISNUMBER(AF82),AF82,"") | AH82: =IF(ISNUMBER(AG82),_xlfn.RANK.EQ(AG82,$AG$2:$AG$1031),"")
A83: 168 | B83: احمد هانى رافت محمود عيسى | C83: 604.1 | D83: 24 | E83: 25 | F83: 23 | G83: =C83+D83+E83+F83 | H83: =IF(ISNUMBER(G83),G83,"") | I83: =_xlfn.RANK.EQ(H83,$H$2:$H$1031) | J83: 575.5 | K83: 47 | L83: 21 | M83: 21 | N83: =J83+K83+L83+M83 | O83: =IF(ISNUMBER(N83),N83,"") | P83: =_xlfn.RANK.EQ(O83,$O$2:$O$1031) | Q83: 242 | R83: 41 | S83: 21 | T83: 25 | U83: =Q83+R83+S83+T83 | V83: =IF(ISNUMBER(U83),U83,"") | W83: =_xlfn.RANK.EQ(V83,$V$2:$V$1031) | X83: 1178.9042 | Y83: 25 | Z83: 22 | AA83: 23 | AB83: =IF(ISNUMBER(X83),X83+N(Y83)+N(Z83)+N(AA83),X83) | AC83: =IF(ISNUMBER(AB83),AB83,"") | AD83: =IF(ISNUMBER(AC83),_xlfn.RANK.EQ(AC83,$AC$2:$AC$1031),"") | AE83: =IF(ISNUMBER(AF83),AF83/3630,"") | AF83: =IFERROR(C83+D83+E83+F83+J83+K83+L83+M83+Q83+R83+S83+T83+IF(ISNUMBER(X83),X83,0)+N(Y83)+N(Z83)+N(AA83),"") | AG83: =IF(ISNUMBER(AF83),AF83,"") | AH83: =IF(ISNUMBER(AG83),_xlfn.RANK.EQ(AG83,$AG$2:$AG$1031),"")
A84: 171 | B84: احمد هشام رشاد عاشور | C84: 637.3 | D84: 25 | E84: 24 | F84: 5 | G84: =C84+D84+E84+F84 | H84: =IF(ISNUMBER(G84),G84,"") | I84: =_xlfn.RANK.EQ(H84,$H$2:$H$1031) | J84: 634 | K84: 50 | L84: 24 | M84: 25 | N84: =J84+K84+L84+M84 | O84: =IF(ISNUMBER(N84),N84,"") | P84: =_xlfn.RANK.EQ(O84,$O$2:$O$1031) | Q84: 276 | R84: 48 | S84: 25 | T84: 25 | U84: =Q84+R84+S84+T84 | V84: =IF(ISNUMBER(U84),U84,"") | W84: =_xlfn.RANK.EQ(V84,$V$2:$V$1031) | X84: 1547.4792 | Y84: 25 | Z84: 23 | AA84: 23 | AB84: =IF(ISNUMBER(X84),X84+N(Y84)+N(Z84)+N(AA84),X84) | AC84: =IF(ISNUMBER(AB84),AB84,"") | AD84: =IF(ISNUMBER(AC84),_xlfn.RANK.EQ(AC84,$AC$2:$AC$1031),"") | AE84: =IF(ISNUMBER(AF84),AF84/3630,"") | AF84: =IFERROR(C84+D84+E84+F84+J84+K84+L84+M84+Q84+R84+S84+T84+IF(ISNUMBER(X84),X84,0)+N(Y84)+N(Z84)+N(AA84),"") | AG84: =IF(ISNUMBER(AF84),AF84,"") | AH84: =IF(ISNUMBER(AG84),_xlfn.RANK.EQ(AG84,$AG$2:$AG$1031),"")
A85: 174 | B85: احمد وليد ثروت هاشم الاتربى | C85: 613.8 | D85: 25 | E85: 22 | F85: 21 | G85: =C85+D85+E85+F85 | H85: =IF(ISNUMBER(G85),G85,"") | I85: =_xlfn.RANK.EQ(H85,$H$2:$H$1031) | J85: 606 | K85: 49 | L85: 23 | M85: 25 | N85: =J85+K85+L85+M85 | O85: =IF(ISNUMBER(N85),N85,"") | P85: =_xlfn.RANK.EQ(O85,$O$2:$O$1031) | Q85: 242 | R85: 48.5 | S85: 25 | T85: 25 | U85: =Q85+R85+S85+T85 | V85: =IF(ISNUMBER(U85),U85,"") | W85: =_xlfn.RANK.EQ(V85,$V$2:$V$1031) | X85: 1437.6917 | Y85: 25 | Z85: 25 | AA85: 25 | AB85: =IF(ISNUMBER(X85),X85+N(Y85)+N(Z85)+N(AA85),X85) | AC85: =IF(ISNUMBER(AB85),AB85,"") | AD85: =IF(ISNUMBER(AC85),_xlfn.RANK.EQ(AC85,$AC$2:$AC$1031),"") | AE85: =IF(ISNUMBER(AF85),AF85/3630,"") | AF85: =IFERROR(C85+D85+E85+F85+J85+K85+L85+M85+Q85+R85+S85+T85+IF(ISNUMBER(X85),X85,0)+N(Y85)+N(Z85)+N(AA85),"") | AG85: =IF(ISNUMBER(AF85),AF85,"") | AH85: =IF(ISNUMBER(AG85),_xlfn.RANK.EQ(AG85,$AG$2:$AG$1031),"")
A86: 175 | B86: احمد وليد محمد اللقاني | C86: 543.2 | D86: 24 | E86: 22 | F86: 21 | G86: =C86+D86+E86+F86 | H86: =IF(ISNUMBER(G86),G86,"") | I86: =_xlfn.RANK.EQ(H86,$H$2:$H$1031) | J86: 495.1 | K86: 47 | L86: 21 | M86: 21 | N86: =J86+K86+L86+M86 | O86: =IF(ISNUMBER(N86),N86,"") | P86: =_xlfn.RANK.EQ(O86,$O$2:$O$1031) | Q86: 183 | R86: 45.5 | S86: 23 | T86: 24 | U86: =Q86+R86+S86+T86 | V86: =IF(ISNUMBER(U86),U86,"") | W86: =_xlfn.RANK.EQ(V86,$V$2:$V$1031) | X86: راسب | Y86: 20 | Z86: 22 | AA86: 22 | AB86: =IF(ISNUMBER(X86),X86+N(Y86)+N(Z86)+N(AA86),X86) | AC86: =IF(ISNUMBER(AB86),AB86,"") | AD86: =IF(ISNUMBER(AC86),_xlfn.RANK.EQ(AC86,$AC$2:$AC$1031),"") | AE86: =IF(ISNUMBER(AF86),AF86/3630,"") | AF86: =IFERROR(C86+D86+E86+F86+J86+K86+L86+M86+Q86+R86+S86+T86+IF(ISNUMBER(X86),X86,0)+N(Y86)+N(Z86)+N(AA86),"") | AG86: =IF(ISNUMBER(AF86),AF86,"") | AH86: =IF(ISNUMBER(AG86),_xlfn.RANK.EQ(AG86,$AG$2:$AG$1031),"")
A87: 176 | B87: احمد وليد محمد بكر محمود | C87: 513.3 | D87: 19 | E87: 24 | F87: 20 | G87: =C87+D87+E87+F87 | H87: =IF(ISNUMBER(G87),G87,"") | I87: =_xlfn.RANK.EQ(H87,$H$2:$H$1031) | J87: 517.1 | K87: 47 | L87: 22 | M87: 22 | N87: =J87+K87+L87+M87 | O87: =IF(ISNUMBER(N87),N87,"") | P87: =_xlfn.RANK.EQ(O87,$O$2:$O$1031) | Q87: 233 | R87: 45.5 | S87: 25 | T87: 24.5 | U87: =Q87+R87+S87+T87 | V87: =IF(ISNUMBER(U87),U87,"") | W87: =_xlfn.RANK.EQ(V87,$V$2:$V$1031) | X87: 1400.7292 | Y87: 25 | Z87: 25 | AA87: 22 | AB87: =IF(ISNUMBER(X87),X87+N(Y87)+N(Z87)+N(AA87),X87) | AC87: =IF(ISNUMBER(AB87),AB87,"") | AD87: =IF(ISNUMBER(AC87),_xlfn.RANK.EQ(AC87,$AC$2:$AC$1031),"") | AE87: =IF(ISNUMBER(AF87),AF87/3630,"") | AF87: =IFERROR(C87+D87+E87+F87+J87+K87+L87+M87+Q87+R87+S87+T87+IF(ISNUMBER(X87),X87,0)+N(Y87)+N(Z87)+N(AA87),"") | AG87: =IF(ISNUMBER(AF87),AF87,"") | AH87: =IF(ISNUMBER(AG87),_xlfn.RANK.EQ(AG87,$AG$2:$AG$1031),"")
A88: 178 | B88: احمد يوسف طايل عبدالعاطى | C88: 429.7 | D88: 10 | E88: 6 | F88: 13 | G88: =C88+D88+E88+F88 | H88: =IF(ISNUMBER(G88),G88,"") | I88: =_xlfn.RANK.EQ(H88,$H$2:$H$1031) | J88: 390 | K88: 29 | L88: 20 | M88: 12 | N88: =J88+K88+L88+M88 | O88: =IF(ISNUMBER(N88),N88,"") | P88: =_xlfn.RANK.EQ(O88,$O$2:$O$1031) | Q88: 174.75 | R88: 44 | S88: 25 | T88: 25 | U88: =Q88+R88+S88+T88 | V88: =IF(ISNUMBER(U88),U88,"") | W88: =_xlfn.RANK.EQ(V88,$V$2:$V$1031) | X88: 1216.9208 | Y88: 25 | Z88: 22 | AA88: 23 | AB88: =IF(ISNUMBER(X88),X88+N(Y88)+N(Z88)+N(AA88),X88) | AC88: =IF(ISNUMBER(AB88),AB88,"") | AD88: =IF(ISNUMBER(AC88),_xlfn.RANK.EQ(AC88,$AC$2:$AC$1031),"") | AE88: =IF(ISNUMBER(AF88),AF88/3630,"") | AF88: =IFERROR(C88+D88+E88+F88+J88+K88+L88+M88+Q88+R88+S88+T88+IF(ISNUMBER(X88),X88,0)+N(Y88)+N(Z88)+N(AA88),"") | AG88: =IF(ISNUMBER(AF88),AF88,"") | AH88: =IF(ISNUMBER(AG88),_xlfn.RANK.EQ(AG88,$AG$2:$AG$1031),"")
A89: 182 | B89: ادم احمد زكريا محمد عبدالحميد محفوظ | C89: 549.3 | D89: 20 | E89: 22 | F89: 19 | G89: =C89+D89+E89+F89 | H89: =IF(ISNUMBER(G89),G89,"") | I89: =_xlfn.RANK.EQ(H89,$H$2:$H$1031) | J89: 539 | K89: 44 | L89: 21 | M89: 23 | N89: =J89+K89+L89+M89 | O89: =IF(ISNUMBER(N89),N89,"") | P89: =_xlfn.RANK.EQ(O89,$O$2:$O$1031) | Q89: 238.5 | R89: 40.5 | S89: 23 | T89: 24 | U89: =Q89+R89+S89+T89 | V89: =IF(ISNUMBER(U89),U89,"") | W89: =_xlfn.RANK.EQ(V89,$V$2:$V$1031) | X89: 1317.0542 | Y89: 24.5 | Z89: 22 | AA89: 23 | AB89: =IF(ISNUMBER(X89),X89+N(Y89)+N(Z89)+N(AA89),X89) | AC89: =IF(ISNUMBER(AB89),AB89,"") | AD89: =IF(ISNUMBER(AC89),_xlfn.RANK.EQ(AC89,$AC$2:$AC$1031),"") | AE89: =IF(ISNUMBER(AF89),AF89/3630,"") | AF89: =IFERROR(C89+D89+E89+F89+J89+K89+L89+M89+Q89+R89+S89+T89+IF(ISNUMBER(X89),X89,0)+N(Y89)+N(Z89)+N(AA89),"") | AG89: =IF(ISNUMBER(AF89),AF89,"") | AH89: =IF(ISNUMBER(AG89),_xlfn.RANK.EQ(AG89,$AG$2:$AG$1031),"")
A90: 183 | B90: ادهم أحمد محمد محمد ماضى | C90: 603.1 | D90: 22 | E90: 24 | F90: 22 | G90: =C90+D90+E90+F90 | H90: =IF(ISNUMBER(G90),G90,"") | I90: =_xlfn.RANK.EQ(H90,$H$2:$H$1031) | J90: 576.75 | K90: 46 | L90: 22 | M90: 22 | N90: =J90+K90+L90+M90 | O90: =IF(ISNUMBER(N90),N90,"") | P90: =_xlfn.RANK.EQ(O90,$O$2:$O$1031) | Q90: 245.5 | R90: 40.5 | S90: 23 | T90: 24 | U90: =Q90+R90+S90+T90 | V90: =IF(ISNUMBER(U90),U90,"") | W90: =_xlfn.RANK.EQ(V90,$V$2:$V$1031) | X90: 1362.1333 | Y90: 24 | Z90: 22 | AA90: 22 | AB90: =IF(ISNUMBER(X90),X90+N(Y90)+N(Z90)+N(AA90),X90) | AC90: =IF(ISNUMBER(AB90),AB90,"") | AD90: =IF(ISNUMBER(AC90),_xlfn.RANK.EQ(AC90,$AC$2:$AC$1031),"") | AE90: =IF(ISNUMBER(AF90),AF90/3630,"") | AF90: =IFERROR(C90+D90+E90+F90+J90+K90+L90+M90+Q90+R90+S90+T90+IF(ISNUMBER(X90),X90,0)+N(Y90)+N(Z90)+N(AA90),"") | AG90: =IF(ISNUMBER(AF90),AF90,"") | AH90: =IF(ISNUMBER(AG90),_xlfn.RANK.EQ(AG90,$AG$2:$AG$1031),"")
A91: 184 | B91: ادهم طارق هاشم الفولي | C91: 611.3 | D91: 25 | E91: 22 | F91: 20 | G91: =C91+D91+E91+F91 | H91: =IF(ISNUMBER(G91),G91,"") | I91: =_xlfn.RANK.EQ(H91,$H$2:$H$1031) | J91: 610.25 | K91: 48 | L91: 22 | M91: 23 | N91: =J91+K91+L91+M91 | O91: =IF(ISNUMBER(N91),N91,"") | P91: =_xlfn.RANK.EQ(O91,$O$2:$O$1031) | Q91: 260.5 | R91: 44.5 | S91: 25 | T91: 25 | U91: =Q91+R91+S91+T91 | V91: =IF(ISNUMBER(U91),U91,"") | W91: =_xlfn.RANK.EQ(V91,$V$2:$V$1031) | X91: غ | Y91: 14.5 | Z91: غ | AB91: =IF(ISNUMBER(X91),X91+N(Y91)+N(Z91)+N(AA91),X91) | AC91: =IF(ISNUMBER(AB91),AB91,"") | AD91: =IF(ISNUMBER(AC91),_xlfn.RANK.EQ(AC91,$AC$2:$AC$1031),"") | AE91: =IF(ISNUMBER(AF91),AF91/3630,"") | AF91: =IFERROR(C91+D91+E91+F91+J91+K91+L91+M91+Q91+R91+S91+T91+IF(ISNUMBER(X91),X91,0)+N(Y91)+N(Z91)+N(AA91),"") | AG91: =IF(ISNUMBER(AF91),AF91,"") | AH91: =IF(ISNUMBER(AG91),_xlfn.RANK.EQ(AG91,$AG$2:$AG$1031),"")
A92: 185 | B92: ادهم محمد على مرشدى على عبد الله | C92: 635.1 | D92: 20 | E92: 25 | F92: 23 | G92: =C92+D92+E92+F92 | H92: =IF(ISNUMBER(G92),G92,"") | I92: =_xlfn.RANK.EQ(H92,$H$2:$H$1031) | J92: 634.25 | K92: 47 | L92: 23 | M92: 24 | N92: =J92+K92+L92+M92 | O92: =IF(ISNUMBER(N92),N92,"") | P92: =_xlfn.RANK.EQ(O92,$O$2:$O$1031) | Q92: 289 | R92: 48.5 | S92: 25 | T92: 24.5 | U92: =Q92+R92+S92+T92 | V92: =IF(ISNUMBER(U92),U92,"") | W92: =_xlfn.RANK.EQ(V92,$V$2:$V$1031) | X92: 1573.0875 | Y92: 25 | Z92: 24 | AA92: 24 | AB92: =IF(ISNUMBER(X92),X92+N(Y92)+N(Z92)+N(AA92),X92) | AC92: =IF(ISNUMBER(AB92),AB92,"") | AD92: =IF(ISNUMBER(AC92),_xlfn.RANK.EQ(AC92,$AC$2:$AC$1031),"") | AE92: =IF(ISNUMBER(AF92),AF92/3630,"") | AF92: =IFERROR(C92+D92+E92+F92+J92+K92+L92+M92+Q92+R92+S92+T92+IF(ISNUMBER(X92),X92,0)+N(Y92)+N(Z92)+N(AA92),"") | AG92: =IF(ISNUMBER(AF92),AF92,"") | AH92: =IF(ISNUMBER(AG92),_xlfn.RANK.EQ(AG92,$AG$2:$AG$1031),"")
A93: 186 | B93: اروا عشرى فريج جويده | C93: 562.9 | D93: 25 | E93: 25 | F93: 22 | G93: =C93+D93+E93+F93 | H93: =IF(ISNUMBER(G93),G93,"") | I93: =_xlfn.RANK.EQ(H93,$H$2:$H$1031) | J93: 512.25 | K93: 41 | L93: 19 | M93: 19 | N93: =J93+K93+L93+M93 | O93: =IF(ISNUMBER(N93),N93,"") | P93: =_xlfn.RANK.EQ(O93,$O$2:$O$1031) | Q93: 222.5 | R93: 43.5 | S93: 23 | T93: 22.5 | U93: =Q93+R93+S93+T93 | V93: =IF(ISNUMBER(U93),U93,"") | W93: =_xlfn.RANK.EQ(V93,$V$2:$V$1031) | X93: 1134.3375 | Y93: 24 | Z93: 23 | AA93: 24 | AB93: =IF(ISNUMBER(X93),X93+N(Y93)+N(Z93)+N(AA93),X93) | AC93: =IF(ISNUMBER(AB93),AB93,"") | AD93: =IF(ISNUMBER(AC93),_xlfn.RANK.EQ(AC93,$AC$2:$AC$1031),"") | AE93: =IF(ISNUMBER(AF93),AF93/3630,"") | AF93: =IFERROR(C93+D93+E93+F93+J93+K93+L93+M93+Q93+R93+S93+T93+IF(ISNUMBER(X93),X93,0)+N(Y93)+N(Z93)+N(AA93),"") | AG93: =IF(ISNUMBER(AF93),AF93,"") | AH93: =IF(ISNUMBER(AG93),_xlfn.RANK.EQ(AG93,$AG$2:$AG$1031),"")
A94: 187 | B94: اروى السيد أحمد محمد ابو الوفا محمود | C94: 500.1 | D94: 24 | E94: 21 | F94: 22 | G94: =C94+D94+E94+F94 | H94: =IF(ISNUMBER(G94),G94,"") | I94: =_xlfn.RANK.EQ(H94,$H$2:$H$1031) | J94: 428 | K94: 39 | L94: 21 | M94: 17 | N94: =J94+K94+L94+M94 | O94: =IF(ISNUMBER(N94),N94,"") | P94: =_xlfn.RANK.EQ(O94,$O$2:$O$1031) | Q94: 195.5 | R94: 36.5 | S94: 24 | T94: 23 | U94: =Q94+R94+S94+T94 | V94: =IF(ISNUMBER(U94),U94,"") | W94: =_xlfn.RANK.EQ(V94,$V$2:$V$1031) | X94: 1175.1167 | Y94: 24 | Z94: 20 | AA94: 23 | AB94: =IF(ISNUMBER(X94),X94+N(Y94)+N(Z94)+N(AA94),X94) | AC94: =IF(ISNUMBER(AB94),AB94,"") | AD94: =IF(ISNUMBER(AC94),_xlfn.RANK.EQ(AC94,$AC$2:$AC$1031),"") | AE94: =IF(ISNUMBER(AF94),AF94/3630,"") | AF94: =IFERROR(C94+D94+E94+F94+J94+K94+L94+M94+Q94+R94+S94+T94+IF(ISNUMBER(X94),X94,0)+N(Y94)+N(Z94)+N(AA94),"") | AG94: =IF(ISNUMBER(AF94),AF94,"") | AH94: =IF(ISNUMBER(AG94),_xlfn.RANK.EQ(AG94,$AG$2:$AG$1031),"")
A95: 189 | B95: اروى ضياء الدين علي الرحماني | C95: 611.7 | D95: 25 | E95: 23 | F95: 25 | G95: =C95+D95+E95+F95 | H95: =IF(ISNUMBER(G95),G95,"") | I95: =_xlfn.RANK.EQ(H95,$H$2:$H$1031) | J95: 621.25 | K95: 46 | L95: 22 | M95: 23 | N95: =J95+K95+L95+M95 | O95: =IF(ISNUMBER(N95),N95,"") | P95: =_xlfn.RANK.EQ(O95,$O$2:$O$1031) | Q95: 255 | R95: 47.5 | S95: 23 | T95: 23 | U95: =Q95+R95+S95+T95 | V95: =IF(ISNUMBER(U95),U95,"") | W95: =_xlfn.RANK.EQ(V95,$V$2:$V$1031) | X95: 1378.675 | Y95: 25 | Z95: 24 | AA95: 20 | AB95: =IF(ISNUMBER(X95),X95+N(Y95)+N(Z95)+N(AA95),X95) | AC95: =IF(ISNUMBER(AB95),AB95,"") | AD95: =IF(ISNUMBER(AC95),_xlfn.RANK.EQ(AC95,$AC$2:$AC$1031),"") | AE95: =IF(ISNUMBER(AF95),AF95/3630,"") | AF95: =IFERROR(C95+D95+E95+F95+J95+K95+L95+M95+Q95+R95+S95+T95+IF(ISNUMBER(X95),X95,0)+N(Y95)+N(Z95)+N(AA95),"") | AG95: =IF(ISNUMBER(AF95),AF95,"") | AH95: =IF(ISNUMBER(AG95),_xlfn.RANK.EQ(AG95,$AG$2:$AG$1031),"")
A96: 191 | B96: اروى عبد المنعم بسيونى أحمد بسيونى | C96: 566.9 | D96: 23 | E96: 20 | F96: 18 | G96: =C96+D96+E96+F96 | H96: =IF(ISNUMBER(G96),G96,"") | I96: =_xlfn.RANK.EQ(H96,$H$2:$H$1031) | J96: 485.75 | K96: 34 | L96: 15 | M96: 16 | N96: =J96+K96+L96+M96 | O96: =IF(ISNUMBER(N96),N96,"") | P96: =_xlfn.RANK.EQ(O96,$O$2:$O$1031) | Q96: 211.5 | R96: 44.5 | S96: 25 | T96: 24 | U96: =Q96+R96+S96+T96 | V96: =IF(ISNUMBER(U96),U96,"") | W96: =_xlfn.RANK.EQ(V96,$V$2:$V$1031) | X96: 1298.2208 | Y96: 24.5 | Z96: 24 | AA96: 25 | AB96: =IF(ISNUMBER(X96),X96+N(Y96)+N(Z96)+N(AA96),X96) | AC96: =IF(ISNUMBER(AB96),AB96,"") | AD96: =IF(ISNUMBER(AC96),_xlfn.RANK.EQ(AC96,$AC$2:$AC$1031),"") | AE96: =IF(ISNUMBER(AF96),AF96/3630,"") | AF96: =IFERROR(C96+D96+E96+F96+J96+K96+L96+M96+Q96+R96+S96+T96+IF(ISNUMBER(X96),X96,0)+N(Y96)+N(Z96)+N(AA96),"") | AG96: =IF(ISNUMBER(AF96),AF96,"") | AH96: =IF(ISNUMBER(AG96),_xlfn.RANK.EQ(AG96,$AG$2:$AG$1031),"")
A97: 192 | B97: اروى محمود ابراهيم مرعي | C97: 643.6 | D97: 24 | E97: 24 | F97: 25 | G97: =C97+D97+E97+F97 | H97: =IF(ISNUMBER(G97),G97,"") | I97: =_xlfn.RANK.EQ(H97,$H$2:$H$1031) | J97: 637 | K97: 48 | L97: 23 | M97: 24 | N97: =J97+K97+L97+M97 | O97: =IF(ISNUMBER(N97),N97,"") | P97: =_xlfn.RANK.EQ(O97,$O$2:$O$1031) | Q97: 289 | R97: 48.5 | S97: 25 | T97: 25 | U97: =Q97+R97+S97+T97 | V97: =IF(ISNUMBER(U97),U97,"") | W97: =_xlfn.RANK.EQ(V97,$V$2:$V$1031) | X97: 1460.2167 | Y97: 25 | Z97: 24 | AA97: 25 | AB97: =IF(ISNUMBER(X97),X97+N(Y97)+N(Z97)+N(AA97),X97) | AC97: =IF(ISNUMBER(AB97),AB97,"") | AD97: =IF(ISNUMBER(AC97),_xlfn.RANK.EQ(AC97,$AC$2:$AC$1031),"") | AE97: =IF(ISNUMBER(AF97),AF97/3630,"") | AF97: =IFERROR(C97+D97+E97+F97+J97+K97+L97+M97+Q97+R97+S97+T97+IF(ISNUMBER(X97),X97,0)+N(Y97)+N(Z97)+N(AA97),"") | AG97: =IF(ISNUMBER(AF97),AF97,"") | AH97: =IF(ISNUMBER(AG97),_xlfn.RANK.EQ(AG97,$AG$2:$AG$1031),"")
A98: 196 | B98: اسامه امام حسن امام عماره | C98: 649 | D98: 23 | E98: 23 | F98: 22 | G98: =C98+D98+E98+F98 | H98: =IF(ISNUMBER(G98),G98,"") | I98: =_xlfn.RANK.EQ(H98,$H$2:$H$1031) | J98: 636 | K98: 46 | L98: 22 | M98: 22 | N98: =J98+K98+L98+M98 | O98: =IF(ISNUMBER(N98),N98,"") | P98: =_xlfn.RANK.EQ(O98,$O$2:$O$1031) | Q98: 277 | R98: 44.5 | S98: 24 | T98: 25 | U98: =Q98+R98+S98+T98 | V98: =IF(ISNUMBER(U98),U98,"") | W98: =_xlfn.RANK.EQ(V98,$V$2:$V$1031) | X98: 1498.6583 | Y98: 24 | Z98: 24 | AA98: 23 | AB98: =IF(ISNUMBER(X98),X98+N(Y98)+N(Z98)+N(AA98),X98) | AC98: =IF(ISNUMBER(AB98),AB98,"") | AD98: =IF(ISNUMBER(AC98),_xlfn.RANK.EQ(AC98,$AC$2:$AC$1031),"") | AE98: =IF(ISNUMBER(AF98),AF98/3630,"") | AF98: =IFERROR(C98+D98+E98+F98+J98+K98+L98+M98+Q98+R98+S98+T98+IF(ISNUMBER(X98),X98,0)+N(Y98)+N(Z98)+N(AA98),"") | AG98: =IF(ISNUMBER(AF98),AF98,"") | AH98: =IF(ISNUMBER(AG98),_xlfn.RANK.EQ(AG98,$AG$2:$AG$1031),"")
A99: 198 | B99: اسامه حمدالله مصري عوض عبدالرازق | C99: راسب | D99: 22 | E99: 16 | F99: 16 | G99: =C99+D99+E99+F99 | H99: =IF(ISNUMBER(G99),G99,"") | I99: =_xlfn.RANK.EQ(H99,$H$2:$H$1031) | J99: 396 | K99: 32 | L99: 17 | M99: 14 | N99: =J99+K99+L99+M99 | O99: =IF(ISNUMBER(N99),N99,"") | P99: =_xlfn.RANK.EQ(O99,$O$2:$O$1031) | Q99: 116 | R99: 20.5 | S99: 16 | T99: 20 | U99: =Q99+R99+S99+T99 | V99: =IF(ISNUMBER(U99),U99,"") | W99: =_xlfn.RANK.EQ(V99,$V$2:$V$1031) | X99: راسب | Y99: 7 | Z99: 15 | AA99: 13 | AB99: =IF(ISNUMBER(X99),X99+N(Y99)+N(Z99)+N(AA99),X99) | AC99: =IF(ISNUMBER(AB99),AB99,"") | AD99: =IF(ISNUMBER(AC99),_xlfn.RANK.EQ(AC99,$AC$2:$AC$1031),"") | AE99: =IF(ISNUMBER(AF99),AF99/3630,"") | AF99: =IFERROR(C99+D99+E99+F99+J99+K99+L99+M99+Q99+R99+S99+T99+IF(ISNUMBER(X99),X99,0)+N(Y99)+N(Z99)+N(AA99),"") | AG99: =IF(ISNUMBER(AF99),AF99,"") | AH99: =IF(ISNUMBER(AG99),_xlfn.RANK.EQ(AG99,$AG$2:$AG$1031),"")
A100: 200 | B100: اسامه عبد الناصر جابر محمد البسيونى | C100: 614.1 | D100: 25 | E100: 24 | F100: 21 | G100: =C100+D100+E100+F100 | H100: =IF(ISNUMBER(G100),G100,"") | I100: =_xlfn.RANK.EQ(H100,$H$2:$H$1031) | J100: 610.75 | K100: 48 | L100: 22 | M100: 23 | N100: =J100+K100+L100+M100 | O100: =IF(ISNUMBER(N100),N100,"") | P100: =_xlfn.RANK.EQ(O100,$O$2:$O$1031) | Q100: 267 | R100: 49.5 | S100: 24 | T100: 24.5 | U100: =Q100+R100+S100+T100 | V100: =IF(ISNUMBER(U100),U100,"") | W100: =_xlfn.RANK.EQ(V100,$V$2:$V$1031) | X100: 1463.6583 | Y100: 20 | Z100: 25 | AA100: 23 | AB100: =IF(ISNUMBER(X100),X100+N(Y100)+N(Z100)+N(AA100),X100) | AC100: =IF(ISNUMBER(AB100),AB100,"") | AD100: =IF(ISNUMBER(AC100),_xlfn.RANK.EQ(AC100,$AC$2:$AC$1031),"") | AE100: =IF(ISNUMBER(AF100),AF100/3630,"") | AF100: =IFERROR(C100+D100+E100+F100+J100+K100+L100+M100+Q100+R100+S100+T100+IF(ISNUMBER(X100),X100,0)+N(Y100)+N(Z100)+N(AA100),"") | AG100: =IF(ISNUMBER(AF100),AF100,"") | AH100: =IF(ISNUMBER(AG100),_xlfn.RANK.EQ(AG100,$AG$2:$AG$1031),"")
...
